gpdm,best_pred,TYPE_NAME_CN,REVENUE_营业收入,rate
000006,1450973313.42752,房地产,485058860.26,2.99133452103065
000010,210871306.589083,综合,80987934.76,2.60373730005562
000010,210871306.589083,商业贸易,80987934.76,2.60373730005562
000010,210871306.589083,建筑装饰,80987934.76,2.60373730005562
000012,5841904570.85591,建筑建材,2629471994,2.22170252590106
000012,5841904570.85591,建筑材料,2629471994,2.22170252590106
000014,173363371.369948,房地产,67735965.8,2.55939912161034
000025,182711438.228662,交运设备,92099937.58,1.98383889315837
000025,182711438.228662,汽车,92099937.58,1.98383889315837
000026,1681361398.27132,机械设备,851815980.69,1.97385519453317
000026,1681361398.27132,轻工制造,851815980.69,1.97385519453317
000027,8780922639.27951,公用事业,3645163617.97,2.40892414156422
000039,44179887775.827,机械设备,19253639000,2.2946253316491
000039,44179887775.827,钢铁,19253639000,2.2946253316491
000043,3340199160.65513,房地产,1534341213.48,2.17695981266078
000043,3340199160.65513,综合,1534341213.48,2.17695981266078
000049,6174346291.98302,房地产,2978683723.35,2.07284386844501
000049,6174346291.98302,电子,2978683723.35,2.07284386844501
000049,6174346291.98302,化工,2978683723.35,2.07284386844501
000055,1556263512.49171,综合,650032997.33,2.39413001937446
000055,1556263512.49171,建筑装饰,650032997.33,2.39413001937446
000055,1556263512.49171,建筑建材,650032997.33,2.39413001937446
000055,1556263512.49171,钢铁,650032997.33,2.39413001937446
000056,453695807.756248,房地产,220585346.19,2.05678126671869
000056,453695807.756248,商业贸易,220585346.19,2.05678126671869
000058,1246222236.29842,商业贸易,391140155.46,3.18612706699162
000058,1246222236.29842,电子,391140155.46,3.18612706699162
000060,9722520629.10349,有色金属,4789086122.24,2.03014111271734
000069,15268249641.7975,房地产,6338485231.84,2.40881678876536
000069,15268249641.7975,休闲服务,6338485231.84,2.40881678876536
000078,24285333684.574,医药生物,9203779298.47,2.63862625308835
000088,178252649.313089,交通运输,90155975.18,1.9771584629549
000089,1750516329.87653,交通运输,849002379.31,2.06185091177154
000151,1255345039.08638,综合,692545001.64,1.81265482548228
000151,1255345039.08638,商业贸易,692545001.64,1.81265482548228
000151,1255345039.08638,信息服务,692545001.64,1.81265482548228
000157,15422291630.9497,机械设备,6360464384.08,2.42471157759347
000158,4226428047.70171,纺织服装,1806584865.52,2.33945724242807
000158,4226428047.70171,计算机,1806584865.52,2.33945724242807
000404,4798544296.52509,家用电器,2355598022.5,2.03708113637843
000407,2310184201.43986,公用事业,1044564216.85,2.2116248710936
000407,2310184201.43986,化工,1044564216.85,2.2116248710936
000417,5632451692.15555,商业贸易,3222356469.91,1.74792942517401
000418,12432965902.7786,家用电器,6811940933.68,1.82517230020401
000419,1958983846.94707,商业贸易,1029535357.86,1.9027844279375
000420,1157028021.80831,化工,578992319.14,1.99834779073908
000421,2001182402.65025,公用事业,1002078403.17,1.99703176549824
000421,2001182402.65025,综合,1002078403.17,1.99703176549824
000421,2001182402.65025,交通运输,1002078403.17,1.99703176549824
000425,25167213957.1999,机械设备,10783685805.84,2.33382299988473
000428,502645987.069798,休闲服务,252096205.84,1.99386573627695
000430,207315471.582962,休闲服务,56564818.73,3.66509565906219
000488,15474444582.7403,轻工制造,7241811895.12,2.13681945994316
000498,6451612040.61752,建筑装饰,1980376903.47,3.25776978579838
000498,6451612040.61752,建筑建材,1980376903.47,3.25776978579838
000498,6451612040.61752,化工,1980376903.47,3.25776978579838
000501,9119865572.4972,商业贸易,4836265593.68,1.88572471793422
000507,845649348.18,综合,385845058.33,2.19168116818732
000507,845649348.18,交通运输,385845058.33,2.19168116818732
000513,4964567563.1636,医药生物,2369123463.71,2.09552927030202
000518,181666489.411419,医药生物,86036603.08,2.1115023479309
000518,181666489.411419,纺织服装,86036603.08,2.1115023479309
000524,3101590004.98503,休闲服务,1598766945.81,1.93998882270714
000528,9318910003.0362,机械设备,4472747171.44,2.08348686966717
000530,1029394095.3632,机械设备,515183744.97,1.99811058755967
000531,1584408352.65618,公用事业,685688278.41,2.31068315230671
000537,3380981021.01324,房地产,4431675088.64,0.7629126579428
000537,3380981021.01324,信息设备,4431675088.64,0.7629126579428
000538,12588088405.1301,医药生物,6337444217.97,1.98630362211887
000539,12565529449.5647,公用事业,5812535688,2.1617982450424
000543,6261964152.84385,公用事业,3010115726.18,2.08030677969668
000545,1179274477.36615,医药生物,499692594.36,2.35999990929733
000545,1179274477.36615,化工,499692594.36,2.35999990929733
000550,17720432577.3803,交运设备,6481073238,2.73418181320362
000550,17720432577.3803,汽车,6481073238,2.73418181320362
000551,1493956789.19876,公用事业,719046077.25,2.07769270491317
000551,1493956789.19876,综合,719046077.25,2.07769270491317
000551,1493956789.19876,机械设备,719046077.25,2.07769270491317
000554,1365205627.43,化工,698574570.93,1.95427329341881
000559,5812483783.63255,交运设备,2901150732.39,2.00350975174742
000559,5812483783.63255,汽车,2901150732.39,2.00350975174742
000561,485660373.69233,家用电器,176634664.97,2.74951903565937
000561,485660373.69233,信息设备,176634664.97,2.74951903565937
000561,485660373.69233,通信,176634664.97,2.74951903565937
000568,6080578238.73513,食品饮料,3369965694.45,1.80434425452735
000570,1133076621.52917,机械设备,593008785.46,1.91072484811543
000576,242339642.273608,食品饮料,77084393.44,3.14382239333877
000576,242339642.273608,轻工制造,77084393.44,3.14382239333877
000576,242339642.273608,农林牧渔,77084393.44,3.14382239333877
000598,1816914420.73219,公用事业,895193780.65,2.02963253320742
000598,1816914420.73219,化工,895193780.65,2.02963253320742
000599,1746072078.61385,化工,984884337.52,1.77287018596576
000607,802938340.517886,医药生物,333143484.04,2.41018773887073
000607,802938340.517886,机械设备,333143484.04,2.41018773887073
000607,802938340.517886,传媒,333143484.04,2.41018773887073
000610,284437991.823218,休闲服务,108713962.9,2.61638877137481
000619,1328078535.47949,建筑建材,496895842.5,2.67275034702971
000619,1328078535.47949,建筑材料,496895842.5,2.67275034702971
000631,2233860365.67595,房地产,740711635.42,3.01582999220649
000631,2233860365.67595,交运设备,740711635.42,3.01582999220649
000637,2139779587.34069,化工,1021896083.94,2.09393070486248
000650,2262362850.0854,医药生物,1044067932.21,2.16687322758454
000650,2262362850.0854,化工,1044067932.21,2.16687322758454
000661,2104107950.79904,医药生物,1031563760.71,2.03972651128306
000665,1315845216.51409,化工,631982498.05,2.08209122970046
000665,1315845216.51409,传媒,631982498.05,2.08209122970046
000665,1315845216.51409,信息服务,631982498.05,2.08209122970046
000669,2378315319.85805,医药生物,987909392.8,2.40742251991073
000669,2378315319.85805,公用事业,987909392.8,2.40742251991073
000669,2378315319.85805,综合,987909392.8,2.40742251991073
000669,2378315319.85805,电子,987909392.8,2.40742251991073
000671,11128076801.0649,房地产,4301911575.86,2.58677488015087
000671,11128076801.0649,综合,4301911575.86,2.58677488015087
000678,837953378.280771,交运设备,387297614.46,2.16359034240144
000678,837953378.280771,汽车,387297614.46,2.16359034240144
000680,4123327022.73041,机械设备,2115175516.69,1.94940182986938
000681,501527877.799955,综合,155306141.52,3.2292855446117
000681,501527877.799955,纺织服装,155306141.52,3.2292855446117
000681,501527877.799955,传媒,155306141.52,3.2292855446117
000683,5733225132.82847,化工,2262586973.71,2.53392475049373
000683,5733225132.82847,采掘,2262586973.71,2.53392475049373
000685,795766661.806004,公用事业,367369307.88,2.16612178735938
000685,795766661.806004,商业贸易,367369307.88,2.16612178735938
000692,992316169.04454,公用事业,952417416.48,1.04189208625773
000695,617763360.480421,公用事业,429796268.99,1.43733997954923
000700,1923151755.79464,交运设备,1053163134.24,1.82607204265886
000700,1923151755.79464,汽车,1053163134.24,1.82607204265886
000702,661213915.799981,农林牧渔,282782540.77,2.33824165381475
000703,40118010000.383,综合,15747320144.07,2.5476087126793
000703,40118010000.383,轻工制造,15747320144.07,2.5476087126793
000703,40118010000.383,化工,15747320144.07,2.5476087126793
000705,1389424688.30422,医药生物,708577457.3,1.96086493295815
000708,6432227220.63604,钢铁,3008454643.68,2.13805025585096
000712,28584086.19,房地产,,
000712,28584086.19,公用事业,,
000712,28584086.19,纺织服装,,
000712,28584086.19,非银金融,,
000721,251730623.17,休闲服务,120274332.94,2.09297043697244
000722,131078409.262118,公用事业,55225032.99,2.37353247549626
000722,131078409.262118,综合,55225032.99,2.37353247549626
000722,131078409.262118,电子,55225032.99,2.37353247549626
000722,131078409.262118,农林牧渔,55225032.99,2.37353247549626
000729,6338434348.64,食品饮料,3279867570.44,1.93252752207605
000731,1274654765.45689,化工,566485226.2,2.25011122356591
000738,1239049394.34807,交运设备,550583848.66,2.25042815433769
000738,1239049394.34807,国防军工,550583848.66,2.25042815433769
000739,3104711062.22064,医药生物,1445922686.96,2.14721789084601
000751,3834717531.63845,有色金属,1946292560.32,1.97026778492539
000753,1258050970.18093,商业贸易,678911389.92,1.8530414850297
000753,1258050970.18093,汽车,678911389.92,1.8530414850297
000753,1258050970.18093,交通运输,678911389.92,1.8530414850297
000756,2631697930.93031,医药生物,1417348459.35,1.85677552585566
000759,7625780563.1512,商业贸易,4346647470.02,1.75440511698919
000762,255472691.682572,采掘,90897101.55,2.81057027480732
000767,4948961184.3554,公用事业,2700037725.3,1.83292297658749
000778,20745878007.3197,机械设备,9445648288.38,2.19634241863962
000778,20745878007.3197,钢铁,9445648288.38,2.19634241863962
000785,2113913008.92964,商业贸易,1120910509.59,1.88588918637479
000788,1194944645.11221,医药生物,524561601.68,2.27798725885614
000791,834797706.097788,公用事业,290891650.17,2.8697891658627
000791,834797706.097788,化工,290891650.17,2.8697891658627
000800,13991127348.9767,交运设备,7146114655.43,1.95786494110412
000800,13991127348.9767,汽车,7146114655.43,1.95786494110412
000801,1733812041.50277,家用电器,715656832.14,2.4226863541821
000807,11553015259.6349,有色金属,5123503738.23,2.25490520743253
000823,2237607584.1474,电子,1084103857.21,2.06401588673064
000826,4823391729.86741,公用事业,2220187568.64,2.17251542076782
000828,779831709.875832,交通运输,378384814.3,2.06094874953821
000830,9617800960.46395,化工,4893291570.77,1.96550743428324
000837,1556220421.72604,机械设备,713317559.98,2.181665655013
000848,1041675789.52729,食品饮料,895593873.57,1.16311178567467
000852,1345460412.81,机械设备,545569547.07,2.46615746798157
000858,21370335183.9053,食品饮料,13897660045.38,1.53769304430564
000859,537884752.173653,化工,253659100.31,2.12050248351546
000860,6751359808.07078,食品饮料,3972700039.98,1.6994386035007
000860,6751359808.07078,农林牧渔,3972700039.98,1.6994386035007
000869,2933462006.4473,食品饮料,1804057976,1.6260353300571
000877,3198934111.47685,建筑建材,747980970.23,4.27675868611096
000877,3198934111.47685,建筑材料,747980970.23,4.27675868611096
000878,25327717732.1962,有色金属,9291818953.26,2.72580835459671
000882,584589226.455237,商业贸易,311520387.39,1.87656811598458
000883,6361160142.20813,公用事业,2972044530.13,2.14033137044884
000883,6361160142.20813,交运设备,2972044530.13,2.14033137044884
000888,539431406.451915,休闲服务,264223877.79,2.0415694863151
000897,67277883.9800001,房地产,36663099.81,1.83502988914347
000898,44187068064.4552,钢铁,2.1513e+10,2.05397053244342
000899,898171402.818406,公用事业,562181613.41,1.5976534653462
000902,6148924322.0665,纺织服装,2870484519.98,2.14212070445492
000902,6148924322.0665,化工,2870484519.98,2.14212070445492
000906,31746666970.1723,综合,13453321246.31,2.35976428340175
000906,31746666970.1723,商业贸易,13453321246.31,2.35976428340175
000906,31746666970.1723,建筑建材,13453321246.31,2.35976428340175
000906,31746666970.1723,钢铁,13453321246.31,2.35976428340175
000908,907799670.009999,医药生物,382981405.89,2.37034920246425
000908,907799670.009999,有色金属,382981405.89,2.37034920246425
000908,907799670.009999,机械设备,382981405.89,2.37034920246425
000909,1327625823.89509,房地产,310452843.26,4.27641702344863
000909,1327625823.89509,家用电器,310452843.26,4.27641702344863
000910,3205766821.23749,轻工制造,1397986431.9,2.29313156986834
000915,977744099.867478,医药生物,456490788.31,2.14187038360016
000915,977744099.867478,综合,456490788.31,2.14187038360016
000919,1649347495.24639,医药生物,791528442.47,2.08375013044324
000921,20517425697.1139,家用电器,8974222298.65,2.28626225363287
000928,3082081918.16807,有色金属,1365395046.16,2.25728218865011
000928,3082081918.16807,建筑装饰,1365395046.16,2.25728218865011
000931,808438424.79524,房地产,338965134.52,2.38501940897269
000931,808438424.79524,综合,338965134.52,2.38501940897269
000931,808438424.79524,建筑建材,338965134.52,2.38501940897269
000949,2184130045.78013,化工,1086745813.8,2.00978924238312
000951,22562107280.6932,交运设备,9236952493.85,2.44259210986687
000951,22562107280.6932,汽车,9236952493.85,2.44259210986687
000952,517787448.866345,医药生物,244847193.28,2.11473712208013
000955,364995940.141819,纺织服装,162608711.77,2.24462721688665
000960,20578394804.436,有色金属,9033083183.63,2.27811417055571
000963,15439104508.971,医药生物,7836744769.85,1.97009153192909
000966,2464713906.06,公用事业,1662228020.92,1.48277725741613
000970,2192148724.634,有色金属,946511737.6,2.31602909668344
000970,2192148724.634,电子,946511737.6,2.31602909668344
000973,1136808903.29488,化工,529131101.17,2.14844468749087
000977,17882323967.1161,信息设备,7608225939.57,2.35039339119926
000977,17882323967.1161,计算机,7608225939.57,2.35039339119926
000983,14769937948.3609,采掘,7299417997.31,2.02344049262611
000985,942239693.702848,化工,460206601.68,2.04742759070202
000988,2770304097.34925,机械设备,1264318630.11,2.19114393426934
000988,2770304097.34925,电子,1264318630.11,2.19114393426934
000988,2770304097.34925,信息设备,1264318630.11,2.19114393426934
000989,2437284960.77143,医药生物,839303390.88,2.90393794098218
001696,2567722807.34973,交运设备,1331992471.09,1.92773072151715
001696,2567722807.34973,汽车,1331992471.09,1.92773072151715
001896,5092926413.61712,公用事业,2410108145.54,2.11315264961939
002003,1413077989.61529,纺织服装,422323701.61,3.34595947191288
002017,476129866.986867,信息设备,243155712.42,1.9581274165768
002017,476129866.986867,通信,243155712.42,1.9581274165768
002020,1308541304.54718,医药生物,643598548.68,2.03316385226622
002022,914443115.428519,医药生物,452220201.07,2.02211912087264
002023,219842529.441089,交运设备,103172473.66,2.13082541924476
002023,219842529.441089,国防军工,103172473.66,2.13082541924476
002026,857921303.712122,机械设备,400052049.32,2.1445242067136
002028,1871938668.73,机械设备,581665230.65,3.21824061348508
002028,1871938668.73,电气设备,581665230.65,3.21824061348508
002029,1466569125.96306,纺织服装,919064780.72,1.59571899253297
002031,576767028.814585,机械设备,262841706.96,2.19435125226286
002035,3261292675.08314,家用电器,1424421479.1,2.28955595161605
002039,927560173.509474,公用事业,387832276.46,2.39165286080861
002042,7190641256.66688,纺织服装,3034150518.9,2.36990261751212
002050,5935406349.70803,家用电器,2577547334.62,2.30273418066368
002055,3777588184.41433,家用电器,1704064325.81,2.21681079006141
002055,3777588184.41433,电子,1704064325.81,2.21681079006141
002056,3283739752.72343,有色金属,1398303234.3,2.34837456724277
002056,3283739752.72343,电子,1398303234.3,2.34837456724277
002058,45297746.3137211,机械设备,17084464.84,2.6513997797382
002058,45297746.3137211,电气设备,17084464.84,2.6513997797382
002060,3213883071.30235,建筑装饰,1812944428.02,1.77274218758728
002060,3213883071.30235,建筑建材,1812944428.02,1.77274218758728
002062,3740158389.71,建筑装饰,2118364035.34,1.76558812711796
002062,3740158389.71,建筑建材,2118364035.34,1.76558812711796
002063,607865921.550616,计算机,257101996.03,2.36429872555205
002063,607865921.550616,信息服务,257101996.03,2.36429872555205
002067,2900481148.14032,轻工制造,1310873828.76,2.21263182199921
002079,1092755127.22782,电子,462230482.56,2.36409144021776
002081,11118541310.5002,建筑装饰,5065860066.49,2.1947983490598
002081,11118541310.5002,建筑建材,5065860066.49,2.1947983490598
002083,2629270986.03355,纺织服装,1306269266.44,2.01280934458418
002084,1049070536.13332,轻工制造,501564878.1,2.09159489019118
002086,438212551.446235,农林牧渔,151562500.19,2.89129930488668
002087,2766819821.486,纺织服装,1300634802.13,2.12728416689672
002088,666075603.479069,建筑建材,308213273.35,2.16108669246924
002088,666075603.479069,建筑材料,308213273.35,2.16108669246924
002088,666075603.479069,化工,308213273.35,2.16108669246924
002093,778254601.652382,信息设备,379570703.16,2.05035476967337
002093,778254601.652382,通信,379570703.16,2.05035476967337
002093,778254601.652382,信息服务,379570703.16,2.05035476967337
002095,149573967.541434,传媒,75595136.01,1.97861893550462
002095,149573967.541434,信息服务,75595136.01,1.97861893550462
002097,2168430483.30005,机械设备,1204008982.79,1.80100855915148
002099,1207107204.86307,医药生物,610754044.64,1.97642113950238
002100,2196228196.82619,医药生物,996366411.62,2.20423748855135
002100,2196228196.82619,农林牧渔,996366411.62,2.20423748855135
002101,3850371939.71041,机械设备,1321048172.3,2.9146340159623
002101,3850371939.71041,交运设备,1321048172.3,2.9146340159623
002101,3850371939.71041,汽车,1321048172.3,2.9146340159623
002107,394371458.835372,医药生物,185240304.65,2.12897219954649
002111,910101144.424768,机械设备,384236878.72,2.36859394511159
002111,910101144.424768,交运设备,384236878.72,2.36859394511159
002116,1875161462.98131,建筑装饰,957042541.12,1.95932926950861
002116,1875161462.98131,建筑建材,957042541.12,1.95932926950861
002119,744524546.321437,电子,341460788.42,2.1804100838825
002120,6031456827.51877,交通运输,2656857763.9,2.27014667833222
002120,6031456827.51877,轻工制造,2656857763.9,2.27014667833222
002121,2170947520.17396,机械设备,802154590.67,2.7063954322828
002121,2170947520.17396,电气设备,802154590.67,2.7063954322828
002124,1893288386.49223,农林牧渔,843300297.75,2.24509393811871
002125,424559223.948259,化工,198963686.19,2.13385282549916
002126,2671751719.73707,交运设备,1204850065.52,2.21749726061057
002126,2671751719.73707,汽车,1204850065.52,2.21749726061057
002130,1276645726.38494,有色金属,563403631.85,2.26595224846693
002130,1276645726.38494,化工,563403631.85,2.26595224846693
002136,655470625.388347,有色金属,301852609.73,2.17149232525983
002136,655470625.388347,化工,301852609.73,2.17149232525983
002139,1592856534.75344,家用电器,685531346.7,2.32353566678039
002139,1592856534.75344,电子,685531346.7,2.32353566678039
002140,1163979166.48126,建筑装饰,404287609.24,2.87908691703258
002140,1163979166.48126,建筑建材,404287609.24,2.87908691703258
002146,18850425511.4353,房地产,6983914708.68,2.6991202352467
002150,504961096.595929,机械设备,271568382.47,1.8594252099716
002154,1525740800.64341,纺织服装,736554288.16,2.07145735917836
002156,3909274560.04779,电子,1640518075,2.38295122718949
002157,9697068735.08083,农林牧渔,4958690434.55,1.95557050053294
002158,631781331.49524,机械设备,342068130.87,1.84694589901841
002165,1298539269.8421,化工,615749383.04,2.1088762824757
002167,392194892.971455,有色金属,141937350.57,2.76315495108551
002167,392194892.971455,化工,141937350.57,2.76315495108551
002170,794378434.450423,化工,376624519.12,2.1092053069368
002171,6767463867.888,有色金属,3009044765.62,2.24904060757421
002177,243780866.201131,信息设备,131405033.48,1.85518666785497
002177,243780866.201131,计算机,131405033.48,1.85518666785497
002178,594621373.687756,建筑装饰,310016027.68,1.91803429692844
002178,594621373.687756,建筑建材,310016027.68,1.91803429692844
002179,3157558975.28442,电子,1477251373.79,2.13745543331834
002181,494033511.703302,传媒,187132882.87,2.64001443320094
002181,494033511.703302,信息服务,187132882.87,2.64001443320094
002185,4298108878.40895,电子,1927998369.81,2.22931146919617
002186,876186080.385686,休闲服务,443225697.09,1.97683953375964
002189,504156805.507133,电子,230108859.71,2.19094912791497
002190,1046270488.74887,机械设备,350531972.72,2.98480757869302
002190,1046270488.74887,交运设备,350531972.72,2.98480757869302
002190,1046270488.74887,汽车,350531972.72,2.98480757869302
002190,1046270488.74887,国防军工,350531972.72,2.98480757869302
002193,592446448.484378,纺织服装,226071859.29,2.6206112089537
002196,700837404.176386,机械设备,325709783.04,2.15172353017814
002196,700837404.176386,电气设备,325709783.04,2.15172353017814
002197,493112551.654034,信息设备,287143657.34,1.7173026081163
002197,493112551.654034,计算机,287143657.34,1.7173026081163
002202,9839524092.92001,机械设备,3859685676.8,2.54930709826034
002202,9839524092.92001,电气设备,3859685676.8,2.54930709826034
002206,1895836102.55977,化工,853967972.12,2.22003185652654
002214,163844169.665041,电子,53043428.08,3.08886841585599
002215,2121912359.53177,化工,1035787837.29,2.04859748602906
002216,3005644162.43075,食品饮料,1817124671.9,1.65406601369185
002220,586513226.275565,食品饮料,236780305.24,2.47703551898489
002220,586513226.275565,农林牧渔,236780305.24,2.47703551898489
002221,23225044617.898,化工,9125919326.47,2.54495396979164
002224,489067208.563876,化工,180465435.95,2.71003256656514
002227,134737115.029022,机械设备,40284754.42,3.34461800670999
002227,134737115.029022,电气设备,40284754.42,3.34461800670999
002229,329008015.651732,轻工制造,160187919.16,2.05388781736474
002230,3338646627.66394,计算机,1397773495.2,2.38854624095317
002230,3338646627.66394,信息服务,1397773495.2,2.38854624095317
002232,462836120.17997,计算机,223492661.52,2.07092312128804
002232,462836120.17997,信息服务,223492661.52,2.07092312128804
002233,2535420295.57573,建筑建材,1225485485.98,2.06891091292542
002233,2535420295.57573,建筑材料,1225485485.98,2.06891091292542
002237,9822966551.47702,有色金属,4613074425.36,2.12937525947469
002238,784827462.002841,传媒,381778948,2.05571173087009
002238,784827462.002841,信息服务,381778948,2.05571173087009
002240,1438551347.53906,轻工制造,473458292.08,3.0383908606167
002242,3464631272.99582,家用电器,1568115691.64,2.2094232533139
002243,603256695.881884,轻工制造,294753563.22,2.04664767845952
002243,603256695.881884,化工,294753563.22,2.04664767845952
002250,1954428582.07403,化工,992607753.03,1.96898379657827
002251,9601051236.42185,商业贸易,5389943489.66,1.78128977694115
002253,89389752.5761445,计算机,38764945.14,2.30594296608218
002253,89389752.5761445,信息服务,38764945.14,2.30594296608218
002254,839211547.01,化工,437554402.35,1.91795932689237
002258,1853485300.52354,化工,904849549.85,2.04839058695537
002262,1866970344.93523,医药生物,926200257.94,2.01573075469406
002266,564507263.871621,机械设备,225975429.12,2.49809134590403
002266,564507263.871621,电气设备,225975429.12,2.49809134590403
002267,4363767439.9663,公用事业,2896836571.79,1.50639062018948
002268,684245026.416378,计算机,144295679.02,4.74196477027936
002268,684245026.416378,信息服务,144295679.02,4.74196477027936
002271,5614645170.75263,建筑建材,1904587600.65,2.94795848131977
002271,5614645170.75263,建筑材料,1904587600.65,2.94795848131977
002275,777054418.504191,医药生物,345601610.79,2.24841087033115
002277,4129270859.42809,商业贸易,2334169030.57,1.76905391398314
002279,1137694660.02371,计算机,418189044.75,2.72052717379014
002279,1137694660.02371,信息服务,418189044.75,2.72052717379014
002284,2208148853.40455,交运设备,1085956845.57,2.03336703701658
002284,2208148853.40455,汽车,1085956845.57,2.03336703701658
002287,477252326.198602,医药生物,227009592.79,2.10234431211942
002290,804439866.09154,家用电器,380753231.73,2.11275912862635
002293,2151887481.47737,纺织服装,1171508749.6,1.83685139544379
002294,2287505808.6586,医药生物,1126387674.46,2.0308334870188
002295,2948878959.65897,有色金属,1283775781.01,2.2970358245417
002296,228308561.62839,计算机,75814258.11,3.011419847928
002296,228308561.62839,信息服务,75814258.11,3.011419847928
002299,4028816185.69981,农林牧渔,2351473831.31,1.71331533953553
002300,2384885199.60443,机械设备,973591896.19,2.44957379877267
002300,2384885199.60443,电气设备,973591896.19,2.44957379877267
002302,8209185342.03841,建筑建材,2999607958.5,2.7367527542311
002302,8209185342.03841,建筑材料,2999607958.5,2.7367527542311
002303,1472297537.36647,轻工制造,685815000.96,2.14678526323506
002307,3196457386.80333,建筑装饰,1133351189.99,2.82035913936927
002307,3196457386.80333,建筑建材,1133351189.99,2.82035913936927
002308,547867100.192586,信息设备,216156645.93,2.53458364805497
002308,547867100.192586,计算机,216156645.93,2.53458364805497
002308,547867100.192586,信息服务,216156645.93,2.53458364805497
002311,18523074707.9993,农林牧渔,7259881518.56,2.55142933953464
002321,2671390130.10665,农林牧渔,1146344328.23,2.33035577908025
002323,746896281.178547,机械设备,142140308.57,5.25464091567468
002323,746896281.178547,建筑材料,142140308.57,5.25464091567468
002323,746896281.178547,电气设备,142140308.57,5.25464091567468
002325,2083506728.72941,建筑装饰,861100027.22,2.41958734510305
002325,2083506728.72941,建筑建材,861100027.22,2.41958734510305
002333,500336793.201584,建筑建材,212099201.3,2.35897537630937
002333,500336793.201584,建筑材料,212099201.3,2.35897537630937
002341,1304878763.18794,公用事业,508595947.47,2.56564915563923
002341,1304878763.18794,电子,508595947.47,2.56564915563923
002342,728177899.205507,机械设备,334678783.43,2.17575160200679
002344,963813300.28376,商业贸易,403423019.52,2.38908850920437
002350,1034811741.63835,机械设备,369782096.54,2.79843656932269
002350,1034811741.63835,电气设备,369782096.54,2.79843656932269
002353,1613950853.60832,机械设备,776283281.41,2.07907460106164
002360,341745794.955802,化工,144562522.43,2.36399994418527
002362,266306539.471967,信息设备,137347778.07,1.93892135143419
002362,266306539.471967,计算机,137347778.07,1.93892135143419
002362,266306539.471967,信息服务,137347778.07,1.93892135143419
002363,965667825.946418,交运设备,460265467.15,2.0980670827336
002363,965667825.946418,汽车,460265467.15,2.0980670827336
002364,363478497.99827,机械设备,161589173.89,2.24939882572643
002364,363478497.99827,电气设备,161589173.89,2.24939882572643
002365,485464574.306052,医药生物,227975737.91,2.12945719029848
002367,1529685883.56381,机械设备,711508170.41,2.14992033427016
002372,1905235523.76251,建筑建材,663020630.91,2.8735689885661
002372,1905235523.76251,建筑材料,663020630.91,2.8735689885661
002374,904609827.799007,建筑装饰,358247496.28,2.5250974178253
002374,904609827.799007,轻工制造,358247496.28,2.5250974178253
002375,4514950189.76449,建筑装饰,1869459904.07,2.41510940134902
002375,4514950189.76449,建筑建材,1869459904.07,2.41510940134902
002381,602379704.430895,化工,304050617.79,1.9811823071083
002382,755359430.326159,化工,384864033.82,1.96266567917188
002385,9510107808.72559,农林牧渔,4601386528.69,2.06679177013914
002386,9534972293.29268,化工,2972732053.34,3.20747787631237
002393,694978362.212901,医药生物,393833564.95,1.76464990306536
002394,2137194487.41218,纺织服装,1006591639.09,2.12319912506356
002395,669206799.589801,化工,285451444.45,2.34438049833382
002397,1109462276.05994,纺织服装,518738094.97,2.13877154351678
002398,1096887478.45849,建筑建材,454588214.88,2.4129254621087
002398,1096887478.45849,建筑材料,454588214.88,2.4129254621087
002401,358751802.243745,计算机,234263890.53,1.53140034271651
002401,358751802.243745,信息服务,234263890.53,1.53140034271651
002402,1248379712.22999,电子,543569591.32,2.29663272590072
002403,1611647739.71124,家用电器,819970406.39,1.96549500707797
002404,1562180673.48002,纺织服装,752188504.11,2.07684731280015
002405,1045569902.19252,计算机,452855903.44,2.30883575603217
002405,1045569902.19252,信息服务,452855903.44,2.30883575603217
002406,757960885.928884,交运设备,365843872.26,2.07181517417958
002406,757960885.928884,汽车,365843872.26,2.07181517417958
002407,2048881897.78536,化工,852861547.8,2.40236167648847
002410,998026496.636721,计算机,332800070.58,2.99887705822109
002410,998026496.636721,信息服务,332800070.58,2.99887705822109
002412,426009201.685222,医药生物,226177460.31,1.88351748711534
002414,363834418.445316,电子,148349294.27,2.45255240502275
002416,30443431383.5413,商业贸易,14998556823.2,2.02975737882
002419,10021869291.8014,商业贸易,5221237390.69,1.91944333151206
002420,2671962228.94342,家用电器,1346620624.81,1.98419820676697
002424,1403025940.32039,医药生物,679953981.86,2.06341308051825
002430,3493340845.875,机械设备,1637681518.18,2.13310146514766
002436,1569680840.45746,电子,803214511.49,1.95424860731864
002438,527301585.64887,机械设备,247514357.24,2.13038787538929
002440,3339037717.71422,化工,1595086553.78,2.09332697953064
002441,4100563191.58267,机械设备,1578303558.19,2.59808271374944
002441,4100563191.58267,电气设备,1578303558.19,2.59808271374944
002444,1866660855.8196,机械设备,885156075.83,2.10884939593196
002449,1932474184.79111,电子,821242642.6,2.35310989048624
002455,1390850051.37956,化工,635136093.13,2.18984571405059
002460,3457567369.60121,有色金属,1050092864.25,3.29263009712068
002461,1926213173.70458,食品饮料,717460791.9,2.68476437381829
002462,8270903696.84107,医药生物,3788463600.14,2.18318151361819
002463,2509543164.63068,电子,1169084285,2.14658874200048
002467,415557914.89,通信,200430080.11,2.07333108215061
002467,415557914.89,信息服务,200430080.11,2.07333108215061
002468,7096893481.39777,建筑建材,2905835146.84,2.44229046823782
002468,7096893481.39777,交通运输,2905835146.84,2.44229046823782
002469,336946298.336655,建筑装饰,113415865.97,2.97089208335086
002469,336946298.336655,建筑建材,113415865.97,2.97089208335086
002471,3729498070.17113,机械设备,1420846608.03,2.62484215332862
002471,3729498070.17113,电气设备,1420846608.03,2.62484215332862
002472,1631768887.29758,交运设备,724862137.44,2.25114377343602
002472,1631768887.29758,汽车,724862137.44,2.25114377343602
002474,319851720.94915,计算机,154966489.96,2.06400571524663
002474,319851720.94915,信息服务,154966489.96,2.06400571524663
002477,2640892977.57796,农林牧渔,1135794084.87,2.32515119840603
002478,2776241724.8146,机械设备,1108626017.82,2.50421844714938
002478,2776241724.8146,钢铁,1108626017.82,2.50421844714938
002482,6476243194.85238,建筑装饰,2328780581.39,2.78095894761663
002482,6476243194.85238,建筑建材,2328780581.39,2.78095894761663
002483,1019866672.822,机械设备,419904953.55,2.42880362377188
002484,931325622.709135,电子,408986536.11,2.27715472388716
002487,423539799.670395,机械设备,157980795.85,2.68095750114171
002497,1608086561.15855,化工,558932665.3,2.87706670408219
002508,3785742398.45213,家用电器,1591941726.4,2.37806594027356
002510,921637575.269028,机械设备,349184474.49,2.63940020991804
002510,921637575.269028,汽车,349184474.49,2.63940020991804
002511,2561278480.82195,轻工制造,1224790878.97,2.09119656653214
002519,761898801.655333,家用电器,344585068.84,2.2110615652041
002521,2004456248.23549,轻工制造,869128285.32,2.3062835280956
002523,475153730.370173,机械设备,163058885.91,2.91400083913509
002531,1471518237.28622,机械设备,601231626.61,2.4475063721835
002531,1471518237.28622,电气设备,601231626.61,2.4475063721835
002533,2245801980.86819,机械设备,848672271.09,2.64625351548693
002533,2245801980.86819,电气设备,848672271.09,2.64625351548693
002536,1383949528.44413,交运设备,696718212.57,1.98638345241345
002536,1383949528.44413,汽车,696718212.57,1.98638345241345
002538,978175988.292941,化工,480464675.37,2.03589574517556
002540,1687434572.37105,有色金属,841130784.4,2.00615005854856
002541,2613198858.15273,建筑装饰,1119742467.13,2.33374988880308
002541,2613198858.15273,建筑建材,1119742467.13,2.33374988880308
002542,1326117423.60557,建筑装饰,574304075.56,2.3090858659021
002542,1326117423.60557,建筑建材,574304075.56,2.3090858659021
002543,4348505643.97404,家用电器,2170445681.48,2.00350816474193
002546,368036110.727127,机械设备,123181019.61,2.98776639365672
002546,368036110.727127,电气设备,123181019.61,2.98776639365672
002548,1583867039.80711,农林牧渔,738365321.68,2.14509944237812
002549,275783656.309301,综合,114942322.51,2.39932211466588
002549,275783656.309301,化工,114942322.51,2.39932211466588
002550,717166024.394234,医药生物,338085544.7,2.12125610111669
002553,208216734.214104,交运设备,96490519.66,2.15789836087306
002553,208216734.214104,汽车,96490519.66,2.15789836087306
002556,7642085416.45828,商业贸易,3306177863.94,2.3114562285984
002556,7642085416.45828,化工,3306177863.94,2.3114562285984
002557,1600144160.31,食品饮料,1026891081.61,1.55824136460629
002559,771153130.549918,机械设备,269524169.23,2.86116504042296
002561,1056065206.02922,商业贸易,576777140.77,1.83097618019217
002562,923094157.04107,化工,418535032.58,2.20553618021122
002563,5076113328.33606,纺织服装,2512397317.1,2.02042618569395
002566,566422935.01499,医药生物,257252802.51,2.20181443890382
002573,2203425648.40059,公用事业,1013900862.1,2.17321607147748
002577,263984635.878498,信息设备,127092256.67,2.07711030392626
002577,263984635.878498,计算机,127092256.67,2.07711030392626
002585,1643914535.76951,轻工制造,750688983.07,2.18987433257192
002587,1091309378.95225,电子,409941860,2.66210769242315
002588,2701520098.95721,化工,1257031056.9,2.14912756858968
002590,1097274063.77464,交运设备,549176232.44,1.99803632961214
002590,1097274063.77464,汽车,549176232.44,1.99803632961214
002594,54198659934.6062,交运设备,24737565000,2.19094563004104
002594,54198659934.6062,汽车,24737565000,2.19094563004104
002595,1752775108.27152,机械设备,734893682.65,2.3850730379816
002597,2224898722.92997,化工,1137249049.68,1.95638653077443
002598,390465716.968761,机械设备,181317733.68,2.15348884548644
002599,893498177.442173,轻工制造,378981257.11,2.35763157327549
002603,2574533719.28461,医药生物,1580599501.69,1.62883369033831
002613,499544669.157986,机械设备,258817054.97,1.93010723043692
002614,2149408759.16606,医药生物,1033968291.87,2.07879562271558
002614,2149408759.16606,家用电器,1033968291.87,2.07879562271558
002615,771879746.073934,轻工制造,391983754.75,1.96916259084825
002616,765732535.579045,家用电器,415471929.59,1.8430427690619
002618,128927183.10993,电子,72125059.4,1.78755046002679
002627,1118320833.16515,交通运输,566429725.71,1.97433288262436
002628,902587823.71911,建筑装饰,356588566.87,2.53117432126802
002628,902587823.71911,建筑建材,356588566.87,2.53117432126802
002632,550255521.624782,化工,242084131.44,2.27299293989933
002634,202838313.664012,纺织服装,94709553.86,2.14168798602777
002635,1241166661.4139,电子,617900413.77,2.0086839784443
002639,473018018.233133,机械设备,228199666.12,2.07282519854518
002640,10271148430.6581,商业贸易,4621645694.44,2.22240065763039
002640,10271148430.6581,纺织服装,4621645694.44,2.22240065763039
002640,10271148430.6581,传媒,4621645694.44,2.22240065763039
002641,2174859692.64564,建筑建材,927181121.39,2.34566865359074
002641,2174859692.64564,建筑材料,927181121.39,2.34566865359074
002644,314343058.187043,医药生物,142831038.91,2.20080355492699
002646,674698352.249917,食品饮料,475362515.8,1.4193343602502
002649,1214945462.10176,计算机,589774084.42,2.06001839381697
002649,1214945462.10176,信息服务,589774084.42,2.06001839381697
002651,314195651.643678,机械设备,160777550.42,1.95422589051085
002658,436146144.408581,机械设备,183281702.43,2.37964913368893
002668,4507236869.26635,家用电器,1682398909.16,2.67905360894269
002674,731111448.239998,纺织服装,335922136.1,2.17643129067968
002678,944659296.694511,轻工制造,479314264.56,1.97085579658616
002680,670334994.769393,医药生物,346370826.68,1.93531020263636
002680,670334994.769393,机械设备,346370826.68,1.93531020263636
002681,1508686927.34424,家用电器,637589837.57,2.36623427546177
002686,803771983.307697,机械设备,286721733.34,2.8033172579721
002687,416227325.565064,纺织服装,185920107.43,2.23874292737151
002688,607150760.460688,农林牧渔,337548703.22,1.79870565245506
002689,584642695.909999,机械设备,147172064.91,3.97251133404648
002690,490572526.392564,机械设备,155075660.59,3.16343986236224
002695,934697325.940907,食品饮料,414858723.95,2.25304970579228
002698,403408962.358332,机械设备,172489865.9,2.33874007758929
002700,174811619.659916,公用事业,101212977.07,1.7271660682307
002705,3661343432.15091,家用电器,1818023441.69,2.01391431385912
002706,777736831.281678,电气设备,324980570.96,2.39317947218883
002709,1069792433.51087,化工,436134026.87,2.45289834684177
002713,1917861598.8615,建筑装饰,717058734.44,2.67462274252791
002715,196558154.799862,汽车,95107692.39,2.0666903996982
002718,379800965.543745,建筑材料,117907754.5,3.22117037301177
002719,273006447.497166,食品饮料,140721631.16,1.94004607000866
002722,1118660018.87889,机械设备,478406813.13,2.33830285894134
002724,549996110.560444,电子,218595326.41,2.51604697864796
002726,3836399456.60802,食品饮料,1841072554.86,2.08378504501674
002727,4436414108.4223,医药生物,2178589851.35,2.03636958359702
002731,1478530042.88712,轻工制造,626171306.6,2.36122292302928
002732,620112483.977992,食品饮料,258553561.85,2.39839079972819
002737,2422140558.78072,医药生物,1090889397.01,2.22033559535872
002738,292296238.295833,采掘,108719971.87,2.68852385875652
300001,3077380580.25992,机械设备,1195622804.82,2.57387243523112
300001,3077380580.25992,电气设备,1195622804.82,2.57387243523112
300004,277251098.93,机械设备,113212643.68,2.4489411245767
300006,661476397.063051,医药生物,326798410.97,2.0241114242253
300009,607447337.221332,医药生物,279715392.14,2.17166217623555
300011,673757706.865999,机械设备,253302660.67,2.65989194540583
300011,673757706.865999,电气设备,253302660.67,2.65989194540583
300012,1068812914.99168,综合,448123073.64,2.38508788737423
300014,1659566979.54643,电子,684106994.52,2.42588804505771
300015,3695730459.69882,医药生物,1746635512.33,2.11591395778318
300016,298550687.744235,医药生物,121782661.11,2.45150405667823
300017,3201197414.13456,信息设备,1527080272.16,2.09628627420259
300017,3201197414.13456,通信,1527080272.16,2.09628627420259
300017,3201197414.13456,信息服务,1527080272.16,2.09628627420259
300018,180608288.362884,机械设备,69482406.54,2.5993384132271
300018,180608288.362884,电气设备,69482406.54,2.5993384132271
300019,356721205.880394,化工,146204291.57,2.43988190804647
300023,331352800.821911,机械设备,128581455.92,2.57698747032441
300023,331352800.821911,非银金融,128581455.92,2.57698747032441
300024,1240024783.38464,机械设备,543168698.76,2.28294595438856
300033,524276418.488508,计算机,237917375.01,2.20360710715841
300033,524276418.488508,信息服务,237917375.01,2.20360710715841
300034,351907428.53528,机械设备,161684215.11,2.17651072676367
300034,351907428.53528,国防军工,161684215.11,2.17651072676367
300036,541104085.538055,计算机,236208635.06,2.29078875715364
300036,541104085.538055,信息服务,236208635.06,2.29078875715364
300037,913313797.749204,化工,450058118.88,2.02932412378661
300039,1000902746.57889,医药生物,520891399.52,1.92151904888661
300041,1060355542.24418,化工,501339626.24,2.11504434667721
300048,681714689.337707,机械设备,272139326.93,2.50502085467808
300048,681714689.337707,电气设备,272139326.93,2.50502085467808
300050,460936512.669194,信息设备,199277857.26,2.31303426786552
300050,460936512.669194,通信,199277857.26,2.31303426786552
300064,745017006.297473,机械设备,407123820.18,1.82995189514601
300066,266969603.12,机械设备,141891104.8,1.88151049705549
300069,131019641.256496,机械设备,48424010.76,2.70567512273732
300069,131019641.256496,电气设备,48424010.76,2.70567512273732
300074,218971682.012026,计算机,86297037.69,2.53741829237089
300074,218971682.012026,信息服务,86297037.69,2.53741829237089
300075,411250378.643267,计算机,137705091.42,2.98645732269227
300075,411250378.643267,信息服务,137705091.42,2.98645732269227
300077,364187355.577012,电子,195544912.72,1.86242306440613
300079,699587178.83336,计算机,268581668.05,2.60474657080141
300079,699587178.83336,信息服务,268581668.05,2.60474657080141
300082,2684319367.61709,化工,1228286624.59,2.18541773058313
300084,230576119.659294,机械设备,82581115.59,2.79211679343328
300084,230576119.659294,建筑建材,82581115.59,2.79211679343328
300084,230576119.659294,采掘,82581115.59,2.79211679343328
300085,615069543.29312,计算机,280440060.58,2.19322996158625
300085,615069543.29312,信息服务,280440060.58,2.19322996158625
300091,832851580.371858,机械设备,385119532.46,2.16257943359017
300094,2564007313.74037,农林牧渔,1010332793.45,2.53778490648117
300101,181860204.081393,交运设备,103259569.52,1.76119467596821
300101,181860204.081393,国防军工,103259569.52,1.76119467596821
300102,487523300.83733,电子,222934402.21,2.18684642659185
300103,223757703.65924,机械设备,72578203.86,3.08298761554996
300106,337523518.965875,农林牧渔,147065259.06,2.29505949347406
300111,732776256.8,机械设备,191609492.56,3.82432126409677
300111,732776256.8,电子,191609492.56,3.82432126409677
300111,732776256.8,电气设备,191609492.56,3.82432126409677
300114,691747778.33539,机械设备,305112585.01,2.26718861273034
300117,1462698387.31493,建筑建材,524715695.52,2.78760174281689
300117,1462698387.31493,建筑材料,524715695.52,2.78760174281689
300119,606699479.826181,医药生物,294461347.53,2.06037052032566
300119,606699479.826181,农林牧渔,294461347.53,2.06037052032566
300121,997110146.558676,化工,523852295.22,1.90341849345133
300124,2514641492.54771,机械设备,975254510.43,2.57844641132598
300124,2514641492.54771,电气设备,975254510.43,2.57844641132598
300127,282417207.684741,有色金属,145672262.18,1.93871642726171
300128,1427416024.04903,电子,678626202.08,2.1033906732071
300133,2531554775.4621,传媒,593565988.06,4.26499298542389
300133,2531554775.4621,信息服务,593565988.06,4.26499298542389
300137,513914278.564765,公用事业,231657811.84,2.21841980843587
300137,513914278.564765,机械设备,231657811.84,2.21841980843587
300139,81191471.9275156,电子,56151726.61,1.44593010454386
300141,279321783.819367,机械设备,135337622.21,2.06388866050824
300141,279321783.819367,电气设备,135337622.21,2.06388866050824
300147,1313762051.2323,医药生物,586077858.98,2.24161693041732
300153,552900892.069026,机械设备,250068189.73,2.2110004981681
300153,552900892.069026,电气设备,250068189.73,2.2110004981681
300165,546024091.073385,机械设备,212255903.51,2.57248011501202
300166,560789404.372659,计算机,230635114.74,2.43150053279983
300166,560789404.372659,信息服务,230635114.74,2.43150053279983
300170,1282930463.2444,计算机,531264337.15,2.41486275951961
300170,1282930463.2444,信息服务,531264337.15,2.41486275951961
300172,346901161.693038,公用事业,137945819.39,2.51476386328374
300177,580075240.255332,信息设备,240614457.57,2.41080792115983
300177,580075240.255332,计算机,240614457.57,2.41080792115983
300188,477508285.378118,计算机,184705580.53,2.58524016441702
300188,477508285.378118,信息服务,184705580.53,2.58524016441702
300191,24040354.06,信息服务,33741984.52,0.712475996951232
300191,24040354.06,采掘,33741984.52,0.712475996951232
300196,1035673500.71118,化工,447930337.71,2.31213073444849
300200,580511066.122033,化工,249704290.43,2.32479411996635
300203,1294174132.31351,公用事业,512389583.29,2.52576198759496
300203,1294174132.31351,机械设备,512389583.29,2.52576198759496
300206,490603449.336274,医药生物,233345086.96,2.10248030386161
300207,8358884693.05514,电子,3534840805.8,2.36471319425186
300211,78775444.2899999,信息设备,40096678.54,1.9646376497598
300211,78775444.2899999,通信,40096678.54,1.9646376497598
300212,1459187018.28386,计算机,534377117.87,2.73063155117888
300212,1459187018.28386,信息服务,534377117.87,2.73063155117888
300215,344503550.873571,机械设备,139313169.37,2.47287139063363
300215,344503550.873571,电气设备,139313169.37,2.47287139063363
300217,990446296.382803,家用电器,493362239.93,2.00754378065766
300218,737905634.072923,化工,368627832.81,2.00176321046615
300224,403312814.64,有色金属,307137981,1.31313233657025
300226,40693632637.467,传媒,17919738755.09,2.27088314141344
300226,40693632637.467,信息服务,17919738755.09,2.27088314141344
300231,555066412.205001,计算机,251440161.24,2.20754874427236
300231,555066412.205001,信息服务,251440161.24,2.20754874427236
300232,1876477327.135,电子,859401143.41,2.18347082910474
300234,123100690.511275,建筑建材,46420380.59,2.65186732522813
300234,123100690.511275,建筑材料,46420380.59,2.65186732522813
300236,256282578.194836,化工,112739995.94,2.27321791222371
300237,1800720146.03483,建筑装饰,688291199.05,2.6162184675908
300237,1800720146.03483,交运设备,688291199.05,2.6162184675908
300237,1800720146.03483,汽车,688291199.05,2.6162184675908
300239,208202014.224791,医药生物,98999088.24,2.10307001737283
300243,631010179.790276,化工,291992509.98,2.16104919894519
300245,185564926.742524,计算机,75989955.81,2.44196650418507
300245,185564926.742524,信息服务,75989955.81,2.44196650418507
300246,379306659.769802,医药生物,185181134.67,2.04830076479303
300248,332131185.031011,计算机,132158072.07,2.51313582158714
300248,332131185.031011,信息服务,132158072.07,2.51313582158714
300253,506847094.23272,计算机,205643379.27,2.46468958072924
300253,506847094.23272,信息服务,205643379.27,2.46468958072924
300254,595069726.347757,医药生物,270500994.29,2.19987999641063
300255,588620473.571706,医药生物,328413253.38,1.79231644129363
300258,623643774.3811,交运设备,323250701.54,1.92928823173468
300258,623643774.3811,汽车,323250701.54,1.92928823173468
300259,273928078.668413,机械设备,127062896.53,2.15584632610462
300260,337699077.945837,机械设备,166308605.23,2.03055685229762
300261,1020689466.41257,医药生物,494488955.58,2.06412995658391
300261,1020689466.41257,化工,494488955.58,2.06412995658391
300262,1181113090.93962,公用事业,294984884.88,4.00397834424666
300263,552559977.720957,公用事业,221921965.55,2.48988411918361
300263,552559977.720957,机械设备,221921965.55,2.48988411918361
300265,831764566.286572,机械设备,375425928.84,2.2155224303675
300265,831764566.286572,电气设备,375425928.84,2.2155224303675
300270,216742789.006261,信息设备,75371772.45,2.87564935732464
300270,216742789.006261,计算机,75371772.45,2.87564935732464
300273,455085356.500942,医药生物,243090036.7,1.87208559708503
300274,5585197402.45977,机械设备,1705529458,3.27475868344677
300274,5585197402.45977,电气设备,1705529458,3.27475868344677
300277,36873307.2111618,计算机,15443097.19,2.38768860659885
300277,36873307.2111618,信息服务,15443097.19,2.38768860659885
300281,251372599.962756,机械设备,115595175.31,2.17459421890777
300283,624008319.409544,机械设备,252592708.45,2.47041303463858
300283,624008319.409544,电气设备,252592708.45,2.47041303463858
300286,223108959.400268,机械设备,96403871.2,2.31431535500691
300286,223108959.400268,电气设备,96403871.2,2.31431535500691
300288,220806219.849877,计算机,105717302.57,2.08864787960014
300288,220806219.849877,传媒,105717302.57,2.08864787960014
300288,220806219.849877,信息服务,105717302.57,2.08864787960014
300293,3864217705.77683,机械设备,368480224.93,10.4869066081115
300296,4291002065.77018,电子,1819389843.59,2.35848412636141
300303,1282111419.22141,电子,568580977.84,2.25493196077727
300305,369021244.091568,化工,153557003.79,2.40315475675881
300316,1375856785.82643,机械设备,565578199.77,2.43265526568375
300316,1375856785.82643,电气设备,565578199.77,2.43265526568375
300321,226935725.559641,化工,99484601.69,2.2811140790088
300326,557148067.479568,医药生物,231947844.71,2.40204028701435
300327,404448637.934225,电子,195264833.43,2.07128252860346
300329,255059190.245605,轻工制造,112690564.42,2.26335888508815
300330,66917262.4769721,计算机,31566179.72,2.11990374098307
300330,66917262.4769721,信息服务,31566179.72,2.11990374098307
300332,855776771.81586,公用事业,394185461.6,2.17100034167232
300333,109147778.81363,信息设备,52601257,2.07500324210181
300333,109147778.81363,计算机,52601257,2.07500324210181
300335,1111811470.23804,公用事业,477480963.68,2.32849381401341
300337,1230675823.62975,有色金属,475173107.06,2.58995259905218
300338,783141369.265787,机械设备,235750275.24,3.32191073146586
300341,368008364.77,机械设备,165310494.35,2.22616456515363
300341,368008364.77,电气设备,165310494.35,2.22616456515363
300342,395512409.222507,家用电器,187823737.66,2.10576370244781
300345,72330091.3260668,机械设备,31587665.56,2.28982072729235
300347,1014718269.80498,医药生物,473152543.43,2.1445901198143
300348,483616877.217503,计算机,155627941.09,3.10751959982447
300348,483616877.217503,信息服务,155627941.09,3.10751959982447
300352,208401736.19667,计算机,86469555.01,2.41011690383476
300352,208401736.19667,信息服务,86469555.01,2.41011690383476
300355,4338335844.90502,建筑装饰,486476894.87,8.91786617340654
300355,4338335844.90502,建筑建材,486476894.87,8.91786617340654
300356,102011748.651165,机械设备,44159707.13,2.31006397644026
300356,102011748.651165,电气设备,44159707.13,2.31006397644026
300357,222609897.867293,医药生物,106934012.73,2.08175015772919
300358,736479081.528868,医药生物,343883596.65,2.14165225879746
300360,399328048.967323,电气设备,193306266.59,2.06577911834743
300365,371635419.24688,计算机,160651279.08,2.31330507528555
300369,423147411.546972,计算机,165039821.42,2.56391098770114
300373,823224823.001783,电子,395617563.71,2.08086015009493
300375,604473967.048991,汽车,303082749.46,1.99441891076274
300378,616857961.951495,计算机,264975263.23,2.32798320277942
300380,256783539.326384,计算机,99406159.2,2.58317534238245
300381,636175383.480001,医药生物,335864495.95,1.89414299859402
300384,217852619.985617,计算机,149774752.46,1.45453500277891
300385,456243543.499631,机械设备,181993980.66,2.50691556855379
300388,1674276402.23399,公用事业,612447488.13,2.73374686758223
300390,337883810.54,电子,169851427.52,1.98929037849985
300391,773792438.241858,机械设备,152344096.43,5.07924137774124
300396,428439130.78033,医药生物,189359580.82,2.26256907057474
300402,68119620.6516382,机械设备,31104862.61,2.1899990848935
300403,378769604.545815,家用电器,177979665.46,2.12816224576477
300405,656674484.574366,化工,203498470.76,3.2269258934571
300406,335562582.873983,医药生物,163225957.3,2.05581629554936
300408,1657630541.56218,电子,806272222.42,2.05591919883691
300412,201876848.522525,医药生物,74584114.17,2.70670035796612
600004,3529698560.63291,交通运输,1723798620.17,2.047628139002
600007,1647971969.43975,房地产,777529717,2.11949708597407
600008,4740056252.28446,公用事业,2117061438.5,2.23897907074578
600009,4651749599.31638,交通运输,2280746766.58,2.03957303260446
600011,82228571770.3792,公用事业,43255634634,1.90099099148913
600012,1497863746.13903,交通运输,728444474.11,2.05624972029487
600017,2494052032.58519,交通运输,1245410414.44,2.0025944890678
600018,18645370130.4665,交通运输,8643783336.98,2.15708439274473
600019,126433143380.324,钢铁,67453719151.97,1.87436875193606
600020,2840851323.56114,交通运输,1268618406.72,2.23932689965152
600021,10025704776.5397,公用事业,5661851818.27,1.77074658580574
600023,27401675144.9549,公用事业,12912694943.59,2.1220725235639
600026,5005403779.11039,交通运输,2401635061.19,2.08416501740703
600027,43203788985.4727,公用事业,22471788000,1.92257905714813
600029,66394216798.1423,交通运输,3.4101e+10,1.9469873844797
600033,1209994866.34,交通运输,623850538.39,1.9395589037443
600037,1208955523.25,传媒,532367626.48,2.2709035319138
600037,1208955523.25,信息服务,532367626.48,2.2709035319138
600038,6144686657.30407,交运设备,2141024345.1,2.86997514594682
600038,6144686657.30407,国防军工,2141024345.1,2.86997514594682
600039,13461592660.5456,建筑装饰,4933977892.29,2.7283447462505
600039,13461592660.5456,建筑建材,4933977892.29,2.7283447462505
600050,152823929923.003,通信,74935058630,2.03941830055259
600050,152823929923.003,信息服务,74935058630,2.03941830055259
600051,3565077366.47748,房地产,744000711.04,4.7917660743819
600051,3565077366.47748,综合,744000711.04,4.7917660743819
600055,368620607.007357,医药生物,134452634.19,2.74163915960505
600058,24602669312.1839,商业贸易,10482445714.22,2.34703522278289
600059,1000035321.29581,食品饮料,656845994.1,1.52248065799053
600060,15223705910.2556,家用电器,7811439813.66,1.94889882959011
600061,452907064.609335,化工,280640549.78,1.61383330015701
600061,452907064.609335,非银金融,280640549.78,1.61383330015701
600063,2798078211.654,化工,1209288396.55,2.31382209540477
600068,45866333634.7862,建筑装饰,20884621552.41,2.19617738917052
600068,45866333634.7862,建筑建材,20884621552.41,2.19617738917052
600077,1650492895.30063,房地产,501735571.75,3.28956723069064
600077,1650492895.30063,信息设备,501735571.75,3.28956723069064
600077,1650492895.30063,交通运输,501735571.75,3.28956723069064
600078,1436854098.5885,化工,657625191.64,2.18491340790221
600080,335298262.641617,医药生物,157156466.36,2.13353144422035
600081,3339891710.36953,交运设备,1590863130.85,2.09942115421646
600081,3339891710.36953,汽车,1590863130.85,2.09942115421646
600085,7661867940.47724,医药生物,3664398831.23,2.09089356627304
600089,18026631062.43,机械设备,8006654273.47,2.2514561571818
600089,18026631062.43,电气设备,8006654273.47,2.2514561571818
600093,9802076133.3072,交运设备,4436371444.08,2.20948048576666
600093,9802076133.3072,汽车,4436371444.08,2.20948048576666
600093,9802076133.3072,农林牧渔,4436371444.08,2.20948048576666
600093,9802076133.3072,非银金融,4436371444.08,2.20948048576666
600095,70984980.0175793,房地产,33857276.53,2.09659450767345
600095,70984980.0175793,综合,33857276.53,2.09659450767345
600096,23452746862.2628,化工,10145388900.38,2.31166563377224
600098,12301790046.4349,公用事业,6064094917.68,2.02862755504844
600101,779128835.48809,公用事业,401859328.46,1.93880987775961
600103,1444661928.65399,轻工制造,668538375.58,2.16092595642045
600105,1297039473.37314,信息设备,661003420.96,1.96222807968134
600105,1297039473.37314,通信,661003420.96,1.96222807968134
600106,116794109.109294,交通运输,59574251.08,1.96047968697845
600107,206483496.31,纺织服装,132672639.75,1.55633819225339
600111,7696941813.62671,有色金属,3019591141.1,2.54900132301448
600114,1140867066.32171,有色金属,531551865.37,2.1462949161651
600114,1140867066.32171,机械设备,531551865.37,2.1462949161651
600114,1140867066.32171,钢铁,531551865.37,2.1462949161651
600115,50246425351.8936,交通运输,2.6753e+10,1.87816040638035
600116,472910586.53,公用事业,262369409.01,1.80246084448044
600118,3043699628.86807,综合,1273926536.28,2.38922696261277
600118,3043699628.86807,交运设备,1273926536.28,2.38922696261277
600118,3043699628.86807,国防军工,1273926536.28,2.38922696261277
600125,6158592607.38989,交通运输,2883319267.1,2.13593849202281
600127,1382362924.56201,农林牧渔,674717054.92,2.04880388672837
600132,1590096138.01,食品饮料,812749585.76,1.95644041642064
600137,105066913.48747,休闲服务,49499877.58,2.12256915823003
600137,105066913.48747,纺织服装,49499877.58,2.12256915823003
600141,8709949604.01153,化工,4090622692.87,2.12924785734775
600143,13374522893.1071,化工,5537373729.43,2.41531880393485
600160,8761391956.73265,化工,3991085428.77,2.19524039590222
600161,944170583.219999,医药生物,553655344.03,1.70533996176661
600170,73285101481.2175,建筑装饰,31075378878.24,2.35830114150383
600170,73285101481.2175,建筑建材,31075378878.24,2.35830114150383
600175,3818543449.79977,房地产,1294139330.88,2.95064322572068
600175,3818543449.79977,综合,1294139330.88,2.95064322572068
600180,31032276680.5533,交通运输,11268696305.02,2.75384799098091
600180,31032276680.5533,农林牧渔,11268696305.02,2.75384799098091
600183,5542063176.11494,电子,2828271449.2,1.95952307819766
600186,885058482.501423,食品饮料,429018630.08,2.06298379708216
600187,198294717.743934,公用事业,91707219.56,2.16225852986632
600187,198294717.743934,轻工制造,91707219.56,2.16225852986632
600195,1801193819.93054,医药生物,939451640.67,1.91728210581011
600195,1801193819.93054,农林牧渔,939451640.67,1.91728210581011
600197,892771876.927092,食品饮料,517844031.9,1.72401692774456
600199,493104491.347681,食品饮料,307346185.02,1.604394378006
600201,950006629.161585,医药生物,557328263.99,1.70457285327742
600201,950006629.161585,农林牧渔,557328263.99,1.70457285327742
600206,1989876101.06391,有色金属,1005005849.67,1.9799646954466
600206,1989876101.06391,电子,1005005849.67,1.9799646954466
600210,4281557566.26001,轻工制造,2191579491.7,1.95364009495217
600213,1375506418.5088,交运设备,261921511.12,5.25159775013137
600213,1375506418.5088,汽车,261921511.12,5.25159775013137
600215,105023372.431747,房地产,19483184.15,5.39046244305747
600218,1678038251.0053,机械设备,962427807.89,1.74354713906717
600219,9942641783.55086,有色金属,4564552153.84,2.17822941845159
600220,1040989507.85596,纺织服装,402020977.86,2.58939101486012
600222,653917479.556922,医药生物,313083133.71,2.08863847696959
600223,2273487274.68,房地产,766466912.59,2.96619102186363
600223,2273487274.68,医药生物,766466912.59,2.96619102186363
600229,1011239419.0597,化工,489156509.47,2.06731260748298
600229,1011239419.0597,传媒,489156509.47,2.06731260748298
600231,8558444215.25558,钢铁,4441743917.45,1.92682072049056
600232,524016413.19584,纺织服装,235086408.26,2.22903747211234
600236,4917872147.31917,公用事业,2188549081.25,2.24709246388493
600261,2959205347.65401,电子,1417130814.76,2.0881666793444
600267,5762076582.64701,医药生物,2821692577.88,2.04206391150385
600268,2161643728.05,机械设备,593853656.25,3.64002764873101
600268,2161643728.05,电气设备,593853656.25,3.64002764873101
600269,2056177239.81873,交通运输,1083635714.86,1.8974801325041
600270,3183925838.71446,交通运输,1483032392.23,2.14690242465093
600273,2960317081.89332,纺织服装,1370469301.74,2.16007544140886
600273,2960317081.89332,化工,1370469301.74,2.16007544140886
600276,7746133370.33812,医药生物,3857128089.89,2.00826448845235
600281,243268234.748885,化工,137738585.89,1.76615893924715
600283,524679170.926386,公用事业,254209802.34,2.06396120879965
600284,1366293103.16806,建筑装饰,566116612.19,2.41344817259929
600284,1366293103.16806,建筑建材,566116612.19,2.41344817259929
600285,1061847385.71486,医药生物,556130441.99,1.90934950785153
600287,2708726660.60794,商业贸易,1273004500.45,2.12782174740971
600288,1563882559.00105,电子,656123330.99,2.38351920307629
600290,701836908.280001,机械设备,200072738.41,3.5079087428781
600290,701836908.280001,电气设备,200072738.41,3.5079087428781
600292,1518275204.55495,公用事业,710488617.13,2.13694515006867
600295,10033421541.7955,纺织服装,4730151874.77,2.12116266188246
600295,10033421541.7955,钢铁,4730151874.77,2.12116266188246
600295,10033421541.7955,采掘,4730151874.77,2.12116266188246
600298,3360124914.0891,食品饮料,1630322223.69,2.06101889875729
600298,3360124914.0891,农林牧渔,1630322223.69,2.06101889875729
600302,412391269.095575,机械设备,216226880.35,1.90721555260868
600303,1784531831.38831,交运设备,853235734.58,2.09148745072983
600303,1784531831.38831,汽车,853235734.58,2.09148745072983
600305,790779884.846717,食品饮料,399664888.36,1.97860734800005
600307,21212713127.8842,钢铁,9813691100.16,2.16154277849018
600308,7325606321.88856,轻工制造,3675786279.46,1.99293586866665
600310,8477787168.91046,公用事业,3427102123.95,2.47374804201608
600315,2925740677.28829,化工,1860297290.99,1.57272748364391
600317,2084167036.76639,交通运输,1128105309,1.84749333252752
600320,10616786881,机械设备,4689586634,2.2639067597189
600322,2717853811.6898,房地产,1236111648.88,2.19871223942624
600327,4582913752.74253,商业贸易,2457249818.74,1.86505813035017
600327,4582913752.74253,汽车,2457249818.74,1.86505813035017
600328,1986507500.45811,化工,926734755,2.14355562877116
600330,1248872992.73725,有色金属,591781915.15,2.11036018635462
600331,2194284697.87149,有色金属,955488173.75,2.29650639134506
600333,775126623.953297,公用事业,481285945.63,1.61053243085804
600336,2980118319.99003,家用电器,1296473579.72,2.29863405364083
600337,2385544402.18769,轻工制造,1014272721.67,2.35197531316813
600340,28980813955.8845,房地产,9484691260.8,3.05553582705022
600340,28980813955.8845,机械设备,9484691260.8,3.05553582705022
600343,661253251.774024,机械设备,321609647.49,2.05607405416712
600343,661253251.774024,交运设备,321609647.49,2.05607405416712
600343,661253251.774024,国防军工,321609647.49,2.05607405416712
600345,68421798.784126,信息设备,34070423.02,2.00824623586156
600345,68421798.784126,通信,34070423.02,2.00824623586156
600352,8223338990.90321,化工,4231365160.72,1.94342456359969
600354,142771123.12,农林牧渔,85648657.53,1.66693941548345
600355,183371560.839194,信息设备,91972185.07,1.99377192897646
600355,183371560.839194,通信,91972185.07,1.99377192897646
600356,713514556.150637,轻工制造,378975775.72,1.88274449678231
600360,780876874.137615,电子,395844871.38,1.9726840754948
600361,6071503173.84799,商业贸易,3394806433.18,1.78846814784685
600362,102159821397.416,有色金属,50611607557,2.01850576041002
600363,1763682896.21403,电子,789758642.96,2.23319226948094
600367,709170525.530946,化工,345501628.65,2.05258229404571
600370,524016332.088022,纺织服装,270517357.84,1.9370894950037
600371,119666287.989284,农林牧渔,65919690.6,1.81533449110703
600372,2827675778.70184,交运设备,902361842.18,3.13363846577389
600372,2827675778.70184,国防军工,902361842.18,3.13363846577389
600373,5991760305.75,交运设备,2850905504.53,2.10170428175514
600373,5991760305.75,传媒,2850905504.53,2.10170428175514
600373,5991760305.75,信息服务,2850905504.53,2.10170428175514
600376,17192480272.2339,房地产,6149580532.67,2.79571593231406
600380,5937825389.88822,医药生物,3009285562.46,1.97316780566156
600383,16086959962.1367,房地产,6802561923.65,2.36483844508761
600386,2122388655.00493,传媒,1003445852.44,2.11510033136725
600386,2122388655.00493,信息服务,1003445852.44,2.11510033136725
600388,3149121079.11868,公用事业,1209477839.88,2.6037029991646
600388,3149121079.11868,机械设备,1209477839.88,2.6037029991646
600391,928778888.029999,交运设备,384505938.7,2.41551246560759
600391,928778888.029999,国防军工,384505938.7,2.41551246560759
600396,3601798507.7357,公用事业,1951160920.23,1.84597716692231
600398,9935432158.49506,纺织服装,5786244917.35,1.71707770763449
600400,1592636496.87688,纺织服装,692989729.9,2.29821082212387
600418,23810852726.2981,交运设备,12863836941.39,1.85099149147993
600418,23810852726.2981,汽车,12863836941.39,1.85099149147993
600426,6592258329.21724,化工,3438428590.32,1.91722996597225
600428,3376257559.06211,交通运输,1623120288.84,2.08010310897846
600429,3501578775.27974,食品饮料,1752590038.46,1.99794515456483
600433,1119433691.64503,轻工制造,550321285.24,2.03414572844812
600439,997518886.007063,轻工制造,463639387.83,2.1514972890371
600448,1610809074.33786,纺织服装,754374248.7,2.13529170317484
600452,1092890764.06268,公用事业,516112481.16,2.11754376024065
600456,1410308889.33686,有色金属,694781903.92,2.02985840791163
600458,5235125866.67001,有色金属,2573893558.47,2.03393254139923
600458,5235125866.67001,化工,2573893558.47,2.03393254139923
600460,1514300897.56503,电子,650595707.32,2.32756054263391
600470,1605666045.92058,化工,686768179.96,2.33800297214426
600476,94550466.3486068,计算机,42600314.75,2.21947811661666
600476,94550466.3486068,信息服务,42600314.75,2.21947811661666
600477,2331081766.64341,机械设备,873168759.79,2.66968067799865
600477,2331081766.64341,建筑装饰,873168759.79,2.66968067799865
600477,2331081766.64341,建筑建材,873168759.79,2.66968067799865
600478,638089334.650276,有色金属,330432018.38,1.93107598282581
600478,638089334.650276,电子,330432018.38,1.93107598282581
600479,1621462456.68928,医药生物,690326657.69,2.34883361177893
600486,3070586472.21936,化工,1610399462.8,1.90672348268208
600487,15857818545.1673,信息设备,6327500644.44,2.50617414936206
600487,15857818545.1673,通信,6327500644.44,2.50617414936206
600489,16607864984.0852,有色金属,7018050690.11,2.36644984731863
600491,11233409850.9391,建筑装饰,5398242769.01,2.08093824816983
600491,11233409850.9391,建筑建材,5398242769.01,2.08093824816983
600493,383378583.454175,纺织服装,174364363.55,2.19872097513916
600498,11588670217.2825,信息设备,4248274112.51,2.72785369078634
600498,11588670217.2825,通信,4248274112.51,2.72785369078634
600501,1098768592.41,机械设备,431950058.39,2.54373988628551
600501,1098768592.41,交运设备,431950058.39,2.54373988628551
600501,1098768592.41,信息设备,431950058.39,2.54373988628551
600505,421219782.052225,公用事业,218859816.93,1.92460995335177
600508,3798879726.49566,采掘,1751626543.45,2.16877264203441
600509,2247098317.90556,公用事业,1218576713.8,1.84403517025877
600511,34620583111.759,医药生物,9129920236.31,3.79199184830463
600516,11141101090.5373,有色金属,3521919798.06,3.16336024933738
600516,11141101090.5373,钢铁,3521919798.06,3.16336024933738
600519,34570513621.5529,食品饮料,17466166384.96,1.97928456992837
600521,2762623633.49417,医药生物,1239037519.4,2.22965292837295
600522,15100930814.4281,信息设备,6620995952.12,2.28076424206133
600522,15100930814.4281,通信,6620995952.12,2.28076424206133
600526,1966113259.86201,公用事业,812565327.99,2.41963715671389
600526,1966113259.86201,机械设备,812565327.99,2.41963715671389
600527,709708519.311091,化工,307199439.51,2.31025330138335
600529,1281360997.97385,医药生物,644403416.61,1.98844538210967
600531,9009036133.04876,有色金属,4139709892.93,2.1762481830997
600535,8793051042.46297,医药生物,3952350207.34,2.22476516026672
600543,127791419.27549,食品饮料,70166041.87,1.82127159904865
600543,127791419.27549,农林牧渔,70166041.87,1.82127159904865
600548,2704783460.44059,交通运输,1341789943.21,2.01580245412323
600549,8142181784.45061,有色金属,3414876117.39,2.3843271335634
600557,1925082773.10546,医药生物,895793447.02,2.1490252909413
600558,1133223736.54561,机械设备,555741679.75,2.03911957270398
600558,1133223736.54561,钢铁,555741679.75,2.03911957270398
600561,1326943337.93993,交通运输,704731867.81,1.88290525595713
600562,519053240.651799,建筑建材,174611833.36,2.97261205419943
600562,519053240.651799,建筑材料,174611833.36,2.97261205419943
600562,519053240.651799,国防军工,174611833.36,2.97261205419943
600563,904454582.635322,电子,388488352.13,2.32813822519102
600569,12803461617.0015,钢铁,6258259333.88,2.04585028103392
600570,1299450829.41724,计算机,532698654.58,2.43937321456495
600570,1299450829.41724,信息服务,532698654.58,2.43937321456495
600571,630221638.870291,计算机,293116542.72,2.15007188957026
600571,630221638.870291,信息服务,293116542.72,2.15007188957026
600573,286887391.225183,食品饮料,117452713.93,2.44257779684991
600578,6112916024.71505,公用事业,2854877273.93,2.14121849668867
600580,5678738403.27019,机械设备,2469700880.2,2.29936282923879
600580,5678738403.27019,电气设备,2469700880.2,2.29936282923879
600583,3863135875.67048,建筑建材,1256190911.81,3.07527768219898
600583,3863135875.67048,采掘,1256190911.81,3.07527768219898
600586,2634769602.86949,建筑建材,1155675280.35,2.27985286842126
600586,2634769602.86949,建筑材料,1155675280.35,2.27985286842126
600588,3144837435.89812,计算机,1074264416,2.92743331070003
600588,3144837435.89812,信息服务,1074264416,2.92743331070003
600592,565016179.509117,机械设备,267241345.79,2.11425435625934
600594,2191599255.97172,医药生物,963846291.14,2.27380576770139
600595,5013778194.68164,有色金属,2694190786.23,1.86095885276835
600597,10450293564.8099,食品饮料,5099146331,2.04942021398325
600600,15337903699.7442,食品饮料,7251708139,2.11507460114897
600612,24534977002.8711,轻工制造,14125226405.93,1.73696168102275
600613,839759676.521407,医药生物,345201395.26,2.43266593951312
600615,49980130.9970579,房地产,24138638.6,2.07054473225586
600615,49980130.9970579,有色金属,24138638.6,2.07054473225586
600615,49980130.9970579,化工,24138638.6,2.07054473225586
600616,387054785.665985,食品饮料,266126927.52,1.45439918189751
600617,4506463759.97337,公用事业,3075627830.37,1.46521751281957
600617,4506463759.97337,综合,3075627830.37,1.46521751281957
600617,4506463759.97337,化工,3075627830.37,1.46521751281957
600618,3862035604.32546,化工,1607517485.02,2.40248435262116
600630,2185549891.49693,纺织服装,991345481.62,2.20462990150056
600635,2730865946.89258,金融服务,1529928166.53,1.78496350785306
600635,2730865946.89258,公用事业,1529928166.53,1.78496350785306
600635,2730865946.89258,非银金融,1529928166.53,1.78496350785306
600639,826385230.816123,房地产,422671570.26,1.95514742169147
600642,17946822478.1159,公用事业,9851145604.25,1.82180054981354
600650,1189110049.17,交通运输,554656751.14,2.14386653858624
600652,54245775.6845209,综合,30936452.67,1.75345816998355
600652,54245775.6845209,传媒,30936452.67,1.75345816998355
600652,54245775.6845209,采掘,30936452.67,1.75345816998355
600660,9991540552.16422,建筑建材,4747842101,2.10443825628906
600660,9991540552.16422,交运设备,4747842101,2.10443825628906
600660,9991540552.16422,汽车,4747842101,2.10443825628906
600661,1015114800.22574,综合,447520812.81,2.26830746452169
600661,1015114800.22574,传媒,447520812.81,2.26830746452169
600662,2003259121.89672,交通运输,948733139.21,2.11150959010962
600665,3216330726.30297,房地产,1303932098.32,2.46663973564799
600668,1544642224.6621,建筑建材,669522008.06,2.30708207656659
600668,1544642224.6621,建筑材料,669522008.06,2.30708207656659
600676,4722488465.07146,汽车,2183711669.05,2.16259707359897
600676,4722488465.07146,交通运输,2183711669.05,2.16259707359897
600677,5454394563.67233,综合,2773231011.71,1.96680137379147
600677,5454394563.67233,交运设备,2773231011.71,1.96680137379147
600677,5454394563.67233,国防军工,2773231011.71,1.96680137379147
600686,8019406230.8492,交运设备,3778197130.89,2.12254838829972
600686,8019406230.8492,汽车,3778197130.89,2.12254838829972
600688,51383039432.3016,化工,25759522000,1.99472022160588
600694,13187281118.2691,商业贸易,7143824454.16,1.84596936877276
600695,21630464.2537628,农林牧渔,10780965.25,2.00635692186864
600697,7769925133.62389,商业贸易,3659531718.72,2.12320201895711
600698,294264292.861234,交运设备,142622624.74,2.06323711541332
600698,294264292.861234,汽车,142622624.74,2.06323711541332
600702,976832610.689844,食品饮料,520286481.72,1.87748989260794
600705,3584472255.035,金融服务,1470703392.42,2.43725028004243
600705,3584472255.035,交通运输,1470703392.42,2.43725028004243
600705,3584472255.035,非银金融,1470703392.42,2.43725028004243
600708,7082662004.49245,房地产,2988457809.8,2.37000568696884
600708,7082662004.49245,综合,2988457809.8,2.37000568696884
600708,7082662004.49245,交通运输,2988457809.8,2.37000568696884
600711,12875391020.4188,有色金属,5812590254.06,2.21508664083548
600711,12875391020.4188,家用电器,5812590254.06,2.21508664083548
600711,12875391020.4188,信息设备,5812590254.06,2.21508664083548
600712,1155302554.03698,商业贸易,580516746.02,1.99012786789991
600713,15075316845.9289,医药生物,7527328036.2,2.00274476858581
600717,5482245332.4294,交通运输,2758429852.83,1.98745142161397
600718,2729527103.01431,计算机,1236525497,2.20741675738718
600718,2729527103.01431,信息服务,1236525497,2.20741675738718
600723,5137455325.72,商业贸易,2708187485.49,1.89700873859199
600726,4810860844.00845,公用事业,3134772782.37,1.53467609233587
600727,229888555.88513,化工,114667012.63,2.00483600830275
600731,606264956.378344,化工,298513145.92,2.03094893697184
600737,9690502280.78744,食品饮料,3843224116.08,2.52145125761532
600737,9690502280.78744,农林牧渔,3843224116.08,2.52145125761532
600740,3987868329.23652,采掘,1801915047.56,2.21312782455341
600742,5970676341.32935,交运设备,2995712568.2,1.99307383649189
600742,5970676341.32935,汽车,2995712568.2,1.99307383649189
600744,4389882253.55624,公用事业,2463874819.88,1.78169857418732
600756,405989153.249199,计算机,207113682.67,1.96022371875871
600756,405989153.249199,信息服务,207113682.67,1.96022371875871
600757,3583017121.41752,纺织服装,2174931942.87,1.64741574243902
600757,3583017121.41752,传媒,2174931942.87,1.64741574243902
600757,3583017121.41752,信息服务,2174931942.87,1.64741574243902
600758,3751813501.42872,公用事业,2188736034.88,1.71414617461371
600758,3751813501.42872,建筑建材,2188736034.88,1.71414617461371
600758,3751813501.42872,采掘,2188736034.88,1.71414617461371
600761,4832120517.97416,机械设备,2271724829.94,2.12707122548015
600769,17222915.7816314,公用事业,10018733.66,1.71907112875894
600769,17222915.7816314,综合,10018733.66,1.71907112875894
600769,17222915.7816314,化工,10018733.66,1.71907112875894
600770,443426502.91519,综合,137706675.11,3.22007994573234
600770,443426502.91519,信息服务,137706675.11,3.22007994573234
600774,572494847.292022,商业贸易,296654070.77,1.92983984951241
600775,2031217937.48235,信息设备,1034726458.86,1.96304822408835
600775,2031217937.48235,通信,1034726458.86,1.96304822408835
600776,1106719686.6846,信息设备,499734895.44,2.21461358168748
600776,1106719686.6846,通信,499734895.44,2.21461358168748
600781,346550701.116344,医药生物,1355953154.41,0.255577193053646
600781,346550701.116344,轻工制造,1355953154.41,0.255577193053646
600782,25939125820.2727,机械设备,12504580036.5,2.07437001039285
600782,25939125820.2727,钢铁,12504580036.5,2.07437001039285
600783,110438371.604791,金融服务,45676691.34,2.41782774463084
600783,110438371.604791,综合,45676691.34,2.41782774463084
600783,110438371.604791,食品饮料,45676691.34,2.41782774463084
600783,110438371.604791,非银金融,45676691.34,2.41782774463084
600785,3949457829.6983,商业贸易,2260245927.52,1.74735756919679
600790,449194565.491807,房地产,231034756.31,1.94427268289054
600790,449194565.491807,商业贸易,231034756.31,1.94427268289054
600792,3170606658.64635,化工,1210775618.73,2.61865750317309
600792,3170606658.64635,采掘,1210775618.73,2.61865750317309
600795,29940636545.3781,公用事业,15953173648.28,1.87678246382068
600802,1062192513.21846,建筑建材,503025543.19,2.11160750701135
600802,1062192513.21846,建筑材料,503025543.19,2.11160750701135
600804,3499865237.15764,通信,1761422867.58,1.98695344631586
600804,3499865237.15764,传媒,1761422867.58,1.98695344631586
600804,3499865237.15764,信息服务,1761422867.58,1.98695344631586
600809,4869446218.97209,食品饮料,3239874445.96,1.50297374178932
600810,6493133093.65102,化工,2775453911.43,2.33948510797124
600814,2949234512.84843,商业贸易,1583568738.62,1.86239753344622
600818,295493354.405565,综合,109526015.74,2.69792845479768
600818,295493354.405565,交运设备,109526015.74,2.69792845479768
600819,1666937365.68288,建筑建材,835450170.33,1.99525647953898
600819,1666937365.68288,建筑材料,835450170.33,1.99525647953898
600820,13293557221.0871,建筑装饰,5873109522.86,2.2634614882192
600820,13293557221.0871,建筑建材,5873109522.86,2.2634614882192
600821,88585486.0160553,商业贸易,57095403.31,1.55153446478134
600826,1740571230.12849,商业贸易,791109710.23,2.20016415880227
600830,489850608.838411,金融服务,203709255.32,2.40465563564562
600830,489850608.838411,商业贸易,203709255.32,2.40465563564562
600830,489850608.838411,非银金融,203709255.32,2.40465563564562
600831,1525514442.40837,传媒,653178022.04,2.33552628982202
600831,1525514442.40837,信息服务,653178022.04,2.33552628982202
600834,355427437.290652,交通运输,173471471.38,2.04891002804759
600835,9967961578.86587,机械设备,3981658165.36,2.50346995269109
600838,36889158.3697787,商业贸易,19736260.81,1.86910574018599
600839,40448459581.7366,家用电器,18846051333,2.14625646863808
600841,2441965718.50685,机械设备,1092164296.28,2.23589594241854
600845,2147385830.3558,计算机,1013992911.64,2.11775230941475
600845,2147385830.3558,信息服务,1013992911.64,2.11775230941475
600848,793865083.474782,房地产,279547240.56,2.8398244314073
600848,793865083.474782,机械设备,279547240.56,2.8398244314073
600854,1366424523.87353,家用电器,265677262.27,5.14317451255903
600855,597399299.600889,医药生物,161005446.71,3.71042913024497
600855,597399299.600889,信息设备,161005446.71,3.71042913024497
600855,597399299.600889,计算机,161005446.71,3.71042913024497
600857,488353578.435134,商业贸易,270949785.84,1.80237669102095
600857,488353578.435134,信息服务,270949785.84,1.80237669102095
600858,6888601637.78952,商业贸易,3816196152.7,1.80509632161223
600861,931983852.670409,商业贸易,549509014.25,1.69603014418686
600863,6423665458.46635,公用事业,2765892016.47,2.32245706636972
600865,376024910.884593,商业贸易,217587288.14,1.72815661291137
600867,1505909475.62407,医药生物,719333870.18,2.09347778278151
600872,2126785230.25329,房地产,1153599668.7,1.84360769854414
600872,2126785230.25329,食品饮料,1153599668.7,1.84360769854414
600874,1040057176.3119,公用事业,492941000,2.10990194833033
600875,14364285773.7734,机械设备,6594144530.39,2.17833954163025
600875,14364285773.7734,电气设备,6594144530.39,2.17833954163025
600881,7908098077.195,建筑建材,2797269806.73,2.82707733739833
600881,7908098077.195,建筑材料,2797269806.73,2.82707733739833
600883,27526959.5980706,综合,12235055.32,2.24984349298967
600883,27526959.5980706,建筑建材,12235055.32,2.24984349298967
600883,27526959.5980706,建筑材料,12235055.32,2.24984349298967
600884,3898106156.37697,综合,1813531187.95,2.14945636572336
600884,3898106156.37697,纺织服装,1813531187.95,2.14945636572336
600884,3898106156.37697,电子,1813531187.95,2.14945636572336
600885,3482785277.05303,机械设备,1595901229.86,2.1823313447528
600885,3482785277.05303,建筑建材,1595901229.86,2.1823313447528
600885,3482785277.05303,化工,1595901229.86,2.1823313447528
600885,3482785277.05303,电气设备,1595901229.86,2.1823313447528
600893,7995833650.43398,交运设备,2775205636.74,2.8811679915102
600893,7995833650.43398,农林牧渔,2775205636.74,2.8811679915102
600893,7995833650.43398,国防军工,2775205636.74,2.8811679915102
600894,2311789533.77617,机械设备,1026868795.6,2.25129981910239
600894,2311789533.77617,钢铁,1026868795.6,2.25129981910239
600897,889851478.297329,交通运输,423774016.04,2.09982548390446
600961,5771512321.86488,有色金属,2778633072.94,2.07710488227875
600963,3383579434.72494,轻工制造,1609599792.75,2.10212467096812
600969,1406296361.94452,公用事业,691962164.72,2.03233129446257
600971,2708378006.65742,采掘,1533182546.21,1.76650719991072
600979,1056841849.32248,公用事业,501415923.36,2.10771497291222
600980,212512724.561847,有色金属,85929170.88,2.47311503632009
600983,2985888092.71865,家用电器,1694967232.72,1.76161995056804
600988,1224239309.11999,有色金属,473717788.81,2.58432201204716
600988,1224239309.11999,交运设备,473717788.81,2.58432201204716
600992,967918120.04037,机械设备,442699974.06,2.1863975079185
600992,967918120.04037,钢铁,442699974.06,2.1863975079185
600995,1050626566.09661,公用事业,557655109.67,1.88400778165259
600997,8769458904.22109,采掘,4853683348.64,1.80676370383294
600998,43282410374.3706,医药生物,22210145031.22,1.94876757056426
601000,2804591039.35239,交通运输,1831347903.17,1.53143541677567
601001,5377085260.81824,采掘,2765615918.68,1.94426320173362
601002,1873716671.26301,机械设备,724485030.71,2.58627382463203
601007,536946830.951564,休闲服务,266898968.94,2.0117980713229
601008,644543332.415235,交通运输,308481615.21,2.08940598283778
601010,3461625119.00872,商业贸易,1988326215.32,1.74097443987661
601011,1725310093.28691,采掘,812916096,2.12237167129105
601016,1380399055.27481,公用事业,610576994.94,2.26081078506808
601038,3785904564.57102,机械设备,2322580812.33,1.63004212575623
601100,2321937155.07846,机械设备,970434837.45,2.3926770407169
601107,3406535887.69999,交通运输,1481480256.39,2.29941362566712
601111,62847630254.8495,交通运输,31606754000,1.98842406451638
601113,1308777729.09255,化工,727839415.14,1.79816825232089
601126,1235858577.84043,机械设备,504651968.29,2.44893244353747
601126,1235858577.84043,电气设备,504651968.29,2.44893244353747
601139,6499784500.76321,公用事业,3078385994.98,2.11142608865898
601158,2143605193.50097,公用事业,976338577.38,2.19555515183403
601177,895116697.160643,机械设备,430323469.18,2.08010197274698
601179,5957313476.81065,机械设备,2412756514.25,2.46909020517657
601179,5957313476.81065,电气设备,2412756514.25,2.46909020517657
601186,312165823198.79,建筑装饰,131648728000,2.37120272972778
601186,312165823198.79,建筑建材,131648728000,2.37120272972778
601188,272717936.958156,交通运输,141326903.23,1.9296958379844
601199,509411909.745058,公用事业,201163821.64,2.53232368321524
601216,4456015384.12691,化工,2187231949.92,2.0372852473602
601226,1466691507.34068,建筑装饰,965321899.19,1.51938074601993
601231,13897962907.0853,电子,6225834419.23,2.23230525761463
601233,18612778351.6948,化工,7832650374.21,2.37630654535274
601238,39443303296.0427,交运设备,19196534969,2.0547095275131
601238,39443303296.0427,汽车,19196534969,2.0547095275131
601311,3826541804.5659,交运设备,1967692542.58,1.94468481318154
601311,3826541804.5659,汽车,1967692542.58,1.94468481318154
601333,9305916338.90131,交通运输,4876605925,1.90827728998859
601339,3062802701.73,纺织服装,1342829787.28,2.28085698630049
601515,1495356364.53057,轻工制造,813613655.71,1.83791945235438
601566,1281519878.66074,纺织服装,746922390.36,1.71573364943991
601567,2336936199.53533,机械设备,1152398497.74,2.02788896733063
601567,2336936199.53533,电气设备,1152398497.74,2.02788896733063
601579,683804751.050746,食品饮料,388768211.47,1.75890088457892
601599,1821932292.82813,纺织服装,716697675.99,2.54212111168273
601600,80561580508.4035,有色金属,36670187000,2.19692308927695
601607,71989665139.7057,医药生物,36386104395.22,1.97849333794477
601616,285868118.280724,机械设备,136843452.71,2.08901567900759
601616,285868118.280724,电气设备,136843452.71,2.08901567900759
601618,126293778138.502,建筑装饰,55197434000,2.28803712394497
601618,126293778138.502,建筑建材,55197434000,2.28803712394497
601633,47518309525.9551,交运设备,26228770303.34,1.8116865173776
601633,47518309525.9551,汽车,26228770303.34,1.8116865173776
601636,3538367029.77553,建筑建材,1658429737.08,2.13356463084504
601636,3538367029.77553,建筑材料,1658429737.08,2.13356463084504
601666,14386426193.3827,采掘,4598969306.09,3.12818486836433
601669,133322413755.74,建筑装饰,61776503393.95,2.15814114478996
601669,133322413755.74,建筑建材,61776503393.95,2.15814114478996
601677,6046099888.99942,有色金属,2763288812.39,2.18800867353785
601699,9987737133.79342,采掘,5143404590.31,1.94185329161349
601766,83928851187.9635,机械设备,32922913000,2.54925349977274
601766,83928851187.9635,交运设备,32922913000,2.54925349977274
601777,6478095364.36912,交运设备,3259322315.9,1.9875589881881
601777,6478095364.36912,汽车,3259322315.9,1.9875589881881
601799,2652225162.50894,交运设备,1175069616.99,2.25707917570258
601799,2652225162.50894,汽车,1175069616.99,2.25707917570258
601800,217542554912.223,建筑装饰,93253359275,2.33281199308542
601800,217542554912.223,建筑建材,93253359275,2.33281199308542
601801,4408158754.43112,传媒,2256565077.66,1.95348177549671
601801,4408158754.43112,信息服务,2256565077.66,1.95348177549671
601808,7740726348.37311,建筑建材,3427873140,2.25817176780734
601808,7740726348.37311,采掘,3427873140,2.25817176780734
601866,7716165331.30001,交通运输,3640639909.59,2.11945304202551
601880,3040256162.96385,交通运输,2032943718.82,1.49549450622693
601890,401726310.288983,交运设备,222569863.68,1.80494476496856
601890,401726310.288983,国防军工,222569863.68,1.80494476496856
601898,53952816115.7693,采掘,25764695000,2.09405995746386
601929,981628092.150264,传媒,470546347.06,2.08614538883052
601929,981628092.150264,信息服务,470546347.06,2.08614538883052
601965,1681291988.85352,交运设备,645163039.64,2.60599551671726
601965,1681291988.85352,汽车,645163039.64,2.60599551671726
601991,32495577123.5968,公用事业,17344622000,1.8735246650862
601996,668754991.770754,轻工制造,290590773.13,2.30136347609212
601999,984405226.55291,传媒,533178792.41,1.84629478997719
601999,984405226.55291,信息服务,533178792.41,1.84629478997719
603000,558191843.767207,传媒,267316618.09,2.08812997768539
603000,558191843.767207,信息服务,267316618.09,2.08812997768539
603001,1585075244.44772,纺织服装,868017294.95,1.82608716861918
603002,770509886.299712,化工,373499165.74,2.06294941723131
603003,10508633765.3754,化工,4205177966.61,2.49897479935836
603005,283478901.819524,电子,141256966.07,2.00683130684717
603006,492126051.743003,汽车,242705320.29,2.02766899034178
603009,514483841.855765,汽车,288691047.35,1.78212607068491
603017,757833254.48831,建筑装饰,293963114.92,2.57798756382939
603018,1367601425.83541,建筑装饰,581905336.98,2.35021289361781
603123,2508778069.3937,商业贸易,1375858364.19,1.82342756688526
603126,827724121.014038,公用事业,324338020.9,2.55204159758144
603166,757571826.637994,汽车,379230586.68,1.99765486552709
603167,739336242.272262,交通运输,361399999.36,2.04575606967777
603168,356892130.882282,医药生物,186147655.81,1.9172528889999
603288,8704791286.53313,食品饮料,4694422947.44,1.85428355816983
603306,492261705.747227,汽车,263120996.34,1.87085680198298
603308,832768529.111831,机械设备,407013831.68,2.04604478839079
603333,461283395.226769,机械设备,218208501.15,2.11395703098513
603333,461283395.226769,电气设备,218208501.15,2.11395703098513
603369,2364857717.57611,食品饮料,1490190804.39,1.58694961115677
603456,877637351.371247,医药生物,475475571.2,1.845809552647
603555,1598637920.60099,纺织服装,833419034.57,1.91816823745309
603609,7411720379.06933,农林牧渔,3129332297.72,2.36846703191906
603688,330481650.028594,有色金属,142461815.45,2.31979108917493
603699,1334172993.66097,机械设备,594911977,2.24263932353301
603806,2255743860.83,电气设备,1059511873.23,2.12904066280371
603889,1169445231.90513,纺织服装,520308955.57,2.24759773858591
603988,151721701.196541,电气设备,74878157.91,2.02624777947801
