PARTY_ID_机构内部ID,TICKER_SYMBOL_股票代码,EXCHANGE_CD_交易市场代码,PUBLISH_DATE_发布日期,END_DATE_REP_报告截止日期,END_DATE_截止日期,REPORT_TYPE_报告类型,FISCAL_PERIOD_会计区间,MERGED_FLAG_合并标志,REVENUE_营业收入,PREM_EARNED_已赚保费,GROSS_PREM_WRIT_保险业务收入,REINS_INCOME_其中分保费收入,REINSUR_减分出保费,UNE_PREM_RESER_提取未到期责任准备金,F_VALUE_CHG_GAIN_公允价值变动收益,INVEST_INCOME_投资收益,A_J_INVEST_INCOME_其中对联营企业和合营企业的投资收益,FOREX_GAIN_汇兑收益,ASSETS_DISP_GAIN_资产处置收益,OTH_GAIN_其他收益,OTH_OPER_REV_其他业务收入,SPEC_OR_营业收入特殊项目,AOR_营业收入调整项目,COGS_营业支出,PREM_REFUND_退保金,COMPENS_PAYOUT_赔付支出,COMPENS_PAYOUT_REFU_减摊回赔付支出,RESER_INSUR_LIAB_提取保险责任准备金,INSUR_LIAB_RESER_REFU_减摊回保险责任准备金,POLICY_DIV_PAYT_保单红利支出,REINSUR_EXP_分保费用,BIZ_TAX_SURCHG_营业税金及附加,COMMIS_EXP_手续费及佣金支出,GENL_ADMIN_EXP_业务及管理费,REINS_COST_REFUND_减摊回分保费用,OTH_OPER_COSTS_其他业务成本,ASSETS_IMPAIR_LOSS_资产减值损失,SPEC_OP_营业支出特殊项目,AOP_营业支出调整项目,OTH_EFFECT_OP_影响营业利润的调整项目,AE_EFFECT_OP_影响营业利润的差错金额,OPERATE_PROFIT_营业利润,NOPERATE_INCOME_营业外收入,NOPERATE_EXP_营业外支出,OTH_EFFECT_TP_影响利润总额的调整项目,AE_FFECT_TP_影响利润总额的差错金额,T_PROFIT_利润总额,INCOME_TAX_所得税费用,OTH_EFFECT_NP_影响净利润的调整项目,AE_EFFECT_NP_影响净利润的差错金额,N_INCOME_净利润,N_INCOME_ATTR_P_归属于母公司所有者的净利润,N_INCOME_BMA_被合并方在合并前实现的净利润,MINORITY_GAIN_少数股东损益,OTH_EFFECT_NPP_影响净利润分配的调整项目,AE_EFFECT_NPP_影响净利润分配的差错金额,BASIC_EPS_基本每股收益,DILUTED_EPS_稀释每股收益,OTH_COMPR_INCOME_其他综合收益,OTH_EFFECT_CI_影响综合收益总额的调整项目,AE_EFFECT_CI_影响综合收益总额的差错金额,T_COMPR_INCOME_综合收益总额,COMPR_INC_ATTR_P_归属于母公司所有者的综合收益总额,COMPR_INC_ATTR_M_S_归属于少数股东的综合收益总额,OTH_EFFECT_PCI_影响综合收益总额分配的调整项目,AE_EFFECT_PCI_影响综合收益总额分配的差错金额
228,000627,XSHE,2017-10-31,2017-09-30,2017-09-30,Q3,9,1,46588730805.57,40313101817.45,40330850147.63,,14072238.05,3676092.13,164500.00,5403572986.83,106187993.08,-1602001.23,,,502555384.70,370938117.82,,44874959401.84,16677882509.74,1537955047.67,,22418545994.04,,40150906.07,,30760507.18,617885421.27,2091975939.71,-3868164.26,1140572861.36,259153.14,315102897.40,,,,1713771403.73,6178641.78,2920183.99,,,1717029861.52,15195546.33,,,1701834315.19,838826626.65,,863007688.54,,,.2000,.2000,-1156752507.46,,,545081807.73,248882847.84,296198959.89,,
228,000627,XSHE,2017-10-31,2017-09-30,2016-09-30,Q3,9,1,8759403602.95,4392996861.46,4436901654.32,,45269213.08,-1364420.22,6654600.37,3731962228.31,,-381911.26,,,275707485.50,352464338.57,,7580736960.42,3111067073.94,846768586.20,,1241575158.79,,36601730.00,,7012235.20,156267660.59,740950753.58,11595809.82,1086301959.04,60137777.17,305649835.73,,,,1178666642.53,5497971.52,358382.98,,,1183806231.07,-56790628.35,,,1240596859.42,842825843.10,,397771016.32,,,.2140,.2140,2620970988.55,,,3861567847.97,2310190101.79,1551377746.18,,
228,000627,XSHE,2018-04-28,2017-12-31,2017-12-31,A,12,1,53405580054.05,44420568549.97,46131708504.36,,1704401937.97,6738016.42,-147543.67,7682791340.16,253685093.83,-2145426.17,210966.14,5663024.61,779006356.36,519632786.65,,50678188639.28,21731248839.45,1912390856.02,10014263.86,23243326750.26,1644778677.54,51586592.84,,50566205.04,1904711116.18,1591015369.91,199167062.64,1616109449.49,2474257.36,428719206.77,,,,2727391414.77,8724820.98,11809584.84,,,2724306650.91,46020046.80,,,2678286604.11,1326164178.53,,1352122425.58,,,.3000,.3000,-1018684851.56,,,1659601752.55,806634904.24,852966848.31,,
228,000627,XSHE,2016-10-27,2016-09-30,2015-09-30,Q3,9,1,400279623.00,.00,,,,,,11535489.02,,,,,,388744133.98,,465534495.79,,,,,,,,1257427.30,17791756.18,51678108.07,,,13841443.20,380965761.04,,,,-65254872.79,2026098.79,685999.84,,,-63914773.84,-9194466.75,,,-54720307.09,-55803292.70,,1082985.61,,,-.0410,-.0410,,,,-54720307.09,-55803292.70,1082985.61,,
228,000627,XSHE,2018-04-28,2018-03-31,2017-03-31,Q1,3,1,23940692065.83,22280586779.85,22283088995.88,,-1165498.80,3667714.83,200000.00,1382290219.21,,-199403.90,,,119498750.29,158315720.37,.01,23709125454.00,7808611648.85,564834020.93,-5856003.55,13651647395.82,-2545969.95,14515519.47,,3242274.05,652925746.01,420953269.79,-109008.99,452645414.31,,129931624.95,1307557.33,,,231566611.83,701593.63,1026776.95,,,231241428.51,2005061.78,,,229236366.73,110044271.78,,119192094.95,,,.0300,.0300,-206160067.70,,,23076299.03,4902637.25,18173661.78,,
228,000627,XSHE,2017-04-26,2016-12-31,2015-12-31,A,12,1,1084618162.61,,,,,,,543511025.67,528765789.25,,,,,541107136.94,,752425381.71,,,,,,,,2086954.47,22661820.48,77539845.52,,,132165003.65,517971757.59,,,,332192780.90,3744427.79,1503732.18,,,334433476.51,83894999.11,,,250538477.40,247266665.79,,3271811.61,,,.1800,.1800,43394839.36,,,293933316.76,290661505.15,3271811.61,,
228,000627,XSHE,2017-04-26,2017-03-31,2016-03-31,Q1,3,1,2515702444.62,760483946.89,,,,,,1493137992.74,,-444247.12,,,137212715.28,125312036.83,,1469047000.07,182768338.91,73833100.63,-367505.46,736693670.86,21431.35,2596861.34,,36974344.52,6687963.66,110072158.84,-2684.06,152912757.32,60724661.54,105434384.28,,,,1046655444.55,597649.55,39539.92,,,1047213554.18,-64195511.58,,,1111409065.76,793733958.47,,317675107.29,,,.2400,.2400,354317049.74,,,1465726115.50,1148051008.21,317675107.29,,
228,000627,XSHE,2018-04-28,2017-12-31,2016-12-31,A,12,1,16989661921.09,8814084558.34,8871531288.93,,58587169.28,-1140438.69,,7342502564.28,6480273.58,2086350.05,-5883740.89,,355545952.60,481326236.71,,13570741761.79,5035914665.85,1154378032.28,44399431.07,3813441776.30,11164425.93,52252226.68,,25431015.39,284362495.15,1245118851.89,12206125.28,1554254018.19,66992685.16,406365977.18,,,,3418920159.30,15068190.10,1427168.30,,,3432561181.10,323718646.85,,,3108842534.25,1778718929.21,,1330123605.04,,,.4400,.4400,1084504798.46,,,4193347332.71,2310552905.14,1882794427.57,,
228,000627,XSHE,2018-04-28,2018-03-31,2018-03-31,Q1,3,1,15793772924.15,12962722371.81,27158894201.22,,14196876517.21,-704687.80,1134800.00,2126776456.99,,-1302325.28,84929.48,160494.85,563620764.67,140820855.96,-245424.33,15033859922.59,18938392078.57,510586042.43,6599202.58,7375532996.03,14217431045.29,10142395.54,,6724064.04,1152481474.74,397571960.17,3935229.80,765313076.30,,105171229.82,-89917.38,,,759913001.56,44934.31,2097543.92,,,757860391.95,98880473.55,,,658979918.40,338366275.34,,320613643.06,,,.0700,.0700,-838565730.12,,,-179585811.72,-89302247.02,-90283564.70,,
855,600291,XSHG,2016-08-24,2016-06-30,2015-06-30,S1,6,1,10685208768.46,5507854849.07,6733580805.31,6572863.03,406078062.95,819647893.29,8307674.55,5186721567.67,-9604.95,-50949166.15,,,33273843.32,,,8220737079.87,,3352665628.46,332786169.86,67403185.96,2257465.81,,1967091.50,564208120.41,760273310.84,1398450339.91,132653985.98,2515248640.40,4627881.05,23590502.99,,,,2464471688.59,16202056.98,1183267.07,,,2479490478.50,733302231.42,,,1746188247.08,368788309.93,,1377399937.15,,,.9604,.9604,672248077.09,,,2418436324.17,504793884.59,1913642439.58,,
855,600291,XSHG,2017-10-31,2017-09-30,2017-09-30,Q3,9,1,22403763434.49,10488822099.32,10604461668.10,35276535.81,363387205.22,-247747636.44,-650504.52,11302927299.67,1745312528.94,-51466116.92,,,664130656.94,,,20209499240.39,,5664040335.30,200256547.54,253312295.32,42038685.12,,11850574.00,100156640.67,1999292303.06,2951418634.07,71616205.87,9450672631.94,4069166.61,88598097.95,,,,2194264194.10,860208057.70,9316119.18,,,3045156132.62,302800427.62,,,2742355705.00,2486709661.11,,255646043.89,,,2.2750,2.2750,-162082941.32,,,2580272763.68,1566917768.97,1013354994.71,,
855,600291,XSHG,2016-03-03,2015-12-31,2014-12-31,A,12,1,11605542097.82,9781707697.62,11162632680.51,10074565.74,1287083713.54,93841269.35,3877168.86,1790565562.70,-2625786.56,-20982556.67,,,50374225.31,,,11359241670.21,,6448394693.75,624772678.20,92736705.44,-71892005.19,,2634779.01,635530086.56,1160497244.14,2631591881.41,490325926.20,1311962608.85,44295234.47,74805035.79,,,,246300427.61,12807801.56,99636981.10,,,159471248.07,-252418464.03,,,411889712.10,85221934.66,,326667777.44,,,.2219,.2219,1209010180.11,,,1620899892.21,735586611.62,885313280.59,,
855,600291,XSHG,2017-04-29,2017-03-31,2016-03-31,Q1,3,1,6620348856.54,2769949009.46,3582186766.05,4695377.13,189238487.61,622999268.98,-4726975.77,3786236386.71,,-3736480.92,,,72626917.06,,,6593360838.10,,1702759061.17,371738399.67,176670355.38,-2986321.09,,1536924.92,365880516.19,445982638.24,712149423.85,101099434.57,3644487482.82,4040780.53,9705168.15,,,,26988018.44,1170833.07,648468.80,,,27510382.71,10707636.47,,,16802746.24,55120280.03,,-38317533.79,,,.0579,.0579,-1699089118.81,,,-1682286372.57,1325509977.22,-3007796349.79,,
855,600291,XSHG,2018-04-28,2018-03-31,2018-03-31,Q1,3,1,6567701748.14,3908369334.94,4427191302.21,17288936.36,193595175.35,325226791.92,-1239.00,2575761033.06,826306557.56,-32451204.01,99128.90,582912.99,115341781.26,,,6205681628.16,,1915748297.57,45589027.69,197566245.53,11259786.02,,4803810.78,42964236.95,1147027188.06,866298713.45,43930900.69,2072442177.59,9988966.58,49621706.05,,,,362020119.98,5679512.34,1540261.23,,,366159371.09,-2082577.27,,,368241948.36,213511722.13,,154730226.23,,,.1953,.1953,607580175.57,,,975822123.93,474947927.13,500874196.80,,
855,600291,XSHG,2018-04-28,2018-03-31,2017-03-31,Q1,3,1,9488472737.52,3458207198.53,3845919317.16,14615038.02,219516723.56,168195395.07,-405395.70,5742140894.33,425457069.41,-1841701.97,-246986.58,,290618728.91,,,6993014559.33,,1773891449.22,66369110.64,54716982.55,-12247168.74,,6240275.92,78908149.56,737705376.72,1133111392.75,56934979.02,3284194057.60,4465051.06,30838744.87,,,,2495458178.19,2823816.25,947591.02,,,2497334403.42,296302907.40,,,2201031496.02,2117886770.85,,83144725.17,,,1.9376,1.9376,-1190227155.40,,,1010804340.62,764803767.58,246000573.04,,
855,600291,XSHG,2018-04-28,2017-12-31,2017-12-31,A,12,1,30246421889.99,14086234784.40,14224465589.53,52508158.50,440513906.65,-302283101.52,-134486660.81,15630147033.73,2134844747.88,-52281544.83,-1172321.03,4207671.23,713772927.30,,,28044651578.55,,7850010827.82,300583532.86,104429015.27,-16872942.13,,16917733.15,133263021.89,2881403864.78,4060804678.83,97886958.01,12165930024.44,1195833620.02,17656341.09,,,,2201770311.44,924590166.18,10540166.81,,,3115820310.81,679064445.30,,,2436755865.51,2395087594.39,,41668271.12,,,2.1912,2.1912,-944063304.93,,,1492692560.58,1139837631.06,352854929.52,,
855,600291,XSHG,2018-04-28,2017-12-31,2016-12-31,A,12,1,30586528047.16,12018113031.88,13898199603.75,23838757.14,563650257.89,1316436313.98,162115465.06,17995392183.00,444542094.52,57444482.99,-17132462.92,,370595347.15,,,30794148519.73,,7280830857.91,1344454488.91,121899207.41,-465023595.32,,9042384.35,599961930.51,2133129087.96,3506606246.44,264530916.73,16422314426.56,1406073625.26,458252563.65,,,,-207620472.57,220260690.74,5065383.75,,,7574834.42,-323901693.68,,,331476528.10,35995654.52,,295480873.58,,,.0340,.0340,-1549690351.57,,,-1218213823.47,1511964398.86,-2730178222.33,,
855,600291,XSHG,2016-04-30,2016-03-31,2015-03-31,Q1,3,1,4230177525.73,2679465930.16,3272855816.02,2608180.06,215429376.78,377960509.08,1574524.98,1568957077.02,,-29187548.00,,,9367541.57,,,3723133407.45,,1554063926.55,134354868.73,130732719.48,30476619.95,,776869.30,219242085.06,362155491.19,722846817.98,67096313.51,947569607.42,5145944.62,12527748.04,,,,507044118.28,15558478.59,405774.84,,,522196822.03,118693679.56,,,403503142.47,76322714.44,,327180428.03,,,.2000,.2000,1542396445.56,,,1945899588.03,483984382.84,1461915205.19,,
855,600291,XSHG,2016-10-29,2016-09-30,2015-09-30,Q3,9,1,15945100407.66,6705895789.17,10027419146.39,10595789.31,3454002081.14,-132478723.92,-4186240.46,9200754804.74,430636.75,-30874656.58,,,73510710.79,,,12936072504.81,,5235198623.68,831250475.99,156263127.94,277889725.66,,3246725.46,919702559.08,1150436697.12,2162251228.42,1350953924.63,4434842831.78,1299558343.03,34666494.58,,,,3009027902.85,19400079.22,1391509.70,,,3027036472.37,892485591.89,,,2134550880.48,403082089.21,,1731468791.27,,,1.0497,1.0497,-2592223170.31,,,-457672289.83,-76350693.35,-381321596.48,,
855,600291,XSHG,2017-04-20,2016-12-31,2015-12-31,A,12,1,20029267014.11,9161115970.89,12905914223.26,18071938.83,3525511767.00,219286485.37,-75204.04,10738800610.97,-542774.88,-20181904.61,,,149607540.90,,,19303256968.50,,6971196471.08,1250640812.79,196094780.40,376564581.73,,5380217.68,991955505.55,1519657220.93,3295126548.15,1394789136.16,7647504800.49,1650377802.31,47958152.59,,,,726010045.61,41596839.83,5401837.69,,,762205047.75,274656243.10,,,487548804.65,177814116.43,,309734688.22,,,.4631,.4631,1097360501.41,,,1584909306.06,345812612.23,1239096693.83,,
855,600291,XSHG,2017-10-31,2017-09-30,2016-09-30,Q3,9,1,20962142417.31,8597040871.35,10080462386.34,21539883.94,465717429.71,1017704085.28,258744.30,12002713368.66,10404010.83,19654229.89,,,342475203.11,,,21163156255.34,,5273277897.95,952451594.41,166468249.12,-135595960.40,,8027303.66,498441481.16,1463793530.33,2418941033.63,233397891.94,12214434552.37,6894857.36,163130875.71,,,,-201013838.03,213314332.83,18181956.92,,,-5881462.12,-13613649.69,,,7732187.57,38611063.21,,-30878875.64,,,.0369,.0369,-1477464302.78,,,-1469732115.21,1471218236.27,-2940950351.48,,
855,600291,XSHG,2017-08-31,2017-06-30,2017-06-30,S1,6,1,15619592361.94,6915593211.85,7257129811.11,23389231.21,307746384.08,33790215.18,-736297.28,8190610095.62,1037928716.08,-21485380.97,,,535610732.72,,,13612492293.04,,3629939653.96,129532934.22,173846128.60,-11607293.43,,8657565.53,71719140.57,1319742908.16,1972228954.11,66981146.18,6540179333.29,14740041.39,66345354.40,,,,2007100068.90,848740589.56,2414174.48,,,2853426483.98,305652458.10,,,2547774025.88,2355706007.93,,192068017.95,,,2.1551,2.1551,-929651682.91,,,1618122342.97,1112399559.35,505722783.62,,
855,600291,XSHG,2017-08-31,2017-06-30,2016-06-30,S1,6,1,14114513495.51,5570249832.10,6783817466.43,15509217.07,333170762.29,880396872.04,-545529.37,8363017784.38,-880450.48,15310210.80,,,166481197.60,,,14150594552.64,,3448492789.51,694424610.46,174633942.87,-72440322.55,,6182471.06,462192185.03,903242136.70,1503933912.14,183567864.78,8298076270.45,3349828.43,156043169.14,,,,-36081057.13,9275925.02,1618361.57,,,-28423493.68,-6060196.77,,,-22363296.91,6014057.56,,-28377354.47,,,.0059,.0059,-1734570711.66,,,-1756934008.57,1286880032.86,-3043814041.43,,
2264,601318,XSHG,2015-10-28,2015-09-30,2014-09-30,Q3,9,1,344360000000.00,222383000000.00,251103000000.00,25000000.00,19082000000.00,9638000000.00,213000000.00,53809000000.00,,-4000000.00,,,12380000000.00,55579000000.00,,294750000000.00,7546000000.00,75846000000.00,8958000000.00,84236000000.00,1577000000.00,4550000000.00,1000000.00,11494000000.00,25991000000.00,60275000000.00,6080000000.00,17942000000.00,19101000000.00,4383000000.00,,,,49610000000.00,291000000.00,338000000.00,,,49563000000.00,10889000000.00,,,38674000000.00,31687000000.00,,6987000000.00,,,2.0000,1.8900,10116000000.00,,,48790000000.00,41485000000.00,7305000000.00,,
2264,601318,XSHG,2015-03-20,2014-12-31,2013-12-31,A,12,1,362631000000.00,240199000000.00,269051000000.00,55000000.00,21034000000.00,7818000000.00,596000000.00,54917000000.00,,-381000000.00,,,11034000000.00,56266000000.00,,316292000000.00,7574000000.00,90663000000.00,9210000000.00,94545000000.00,2126000000.00,5311000000.00,7000000.00,11962000000.00,25383000000.00,69168000000.00,6584000000.00,17431000000.00,8966000000.00,3202000000.00,,,,46339000000.00,405000000.00,520000000.00,,,46224000000.00,10210000000.00,,,36014000000.00,28154000000.00,,7860000000.00,,,3.5600,3.5500,-6212000000.00,,,29802000000.00,22930000000.00,6872000000.00,,
2264,601318,XSHG,2018-03-21,2017-12-31,2016-12-31,A,12,1,712453000000.00,441620000000.00,469555000000.00,106000000.00,17827000000.00,10108000000.00,3831000000.00,109678000000.00,,1401000000.00,,,42318000000.00,113605000000.00,,619085000000.00,16050000000.00,140236000000.00,,149613000000.00,-1522000000.00,11236000000.00,12000000.00,9268000000.00,78742000000.00,129997000000.00,6353000000.00,38932000000.00,48894000000.00,936000000.00,,,,93368000000.00,1402000000.00,359000000.00,,,94411000000.00,22043000000.00,,,72368000000.00,62394000000.00,,9974000000.00,,,3.5000,3.4900,-7567000000.00,,,64801000000.00,54710000000.00,10091000000.00,,
2264,601318,XSHG,2018-03-21,2017-12-31,2017-12-31,A,12,1,890882000000.00,572990000000.00,605035000000.00,127000000.00,17420000000.00,14625000000.00,3271000000.00,155919000000.00,,-128000000.00,,1227000000.00,44911000000.00,112692000000.00,,756124000000.00,20519000000.00,159113000000.00,,220024000000.00,492000000.00,13129000000.00,28000000.00,3735000000.00,114559000000.00,139688000000.00,6728000000.00,45054000000.00,45251000000.00,2244000000.00,,,,134758000000.00,354000000.00,372000000.00,,,134740000000.00,34762000000.00,,,99978000000.00,89088000000.00,,10890000000.00,,,4.9900,4.9900,21881000000.00,,,121859000000.00,110672000000.00,11187000000.00,,
2264,601318,XSHG,2018-04-27,2018-03-31,2018-03-31,Q1,3,1,310452000000.00,238686000000.00,253109000000.00,76000000.00,5755000000.00,8668000000.00,-4795000000.00,36645000000.00,,-124000000.00,44000000.00,137000000.00,10974000000.00,28885000000.00,,270877000000.00,6891000000.00,60182000000.00,,104669000000.00,47000000.00,7576000000.00,13000000.00,929000000.00,37190000000.00,30723000000.00,1992000000.00,11949000000.00,11075000000.00,1719000000.00,,,,39575000000.00,69000000.00,60000000.00,,,39584000000.00,10633000000.00,,,28951000000.00,25702000000.00,,3249000000.00,,,1.4400,1.4400,-658000000.00,,,28293000000.00,24811000000.00,3482000000.00,,
2264,601318,XSHG,2018-04-27,2018-03-31,2017-03-31,Q1,3,1,265755000000.00,197203000000.00,211093000000.00,14000000.00,5020000000.00,8870000000.00,-85000000.00,29428000000.00,,-115000000.00,3000000.00,109000000.00,10349000000.00,28863000000.00,,232984000000.00,9545000000.00,40260000000.00,,93897000000.00,390000000.00,5900000000.00,,838000000.00,30187000000.00,29952000000.00,1407000000.00,10763000000.00,12744000000.00,695000000.00,,,,32771000000.00,27000000.00,70000000.00,,,32728000000.00,6988000000.00,,,25740000000.00,23053000000.00,,2687000000.00,,,1.2900,1.2900,6311000000.00,,,32051000000.00,29236000000.00,2815000000.00,,
2264,601318,XSHG,2017-10-28,2017-09-30,2017-09-30,Q3,9,1,663006000000.00,444436000000.00,471772000000.00,123000000.00,13540000000.00,13796000000.00,1443000000.00,99267000000.00,,-45000000.00,,,32662000000.00,85243000000.00,,562474000000.00,16884000000.00,115990000000.00,6449000000.00,174525000000.00,1290000000.00,10600000000.00,28000000.00,2747000000.00,84539000000.00,95556000000.00,5286000000.00,31281000000.00,35009000000.00,8340000000.00,,,,100532000000.00,322000000.00,296000000.00,,,100558000000.00,25339000000.00,,,75219000000.00,66318000000.00,,8901000000.00,,,3.7200,3.7100,17846000000.00,,,93065000000.00,83699000000.00,9366000000.00,,
2264,601318,XSHG,2017-10-28,2017-09-30,2016-09-30,Q3,9,1,546118000000.00,340651000000.00,359346000000.00,72000000.00,13178000000.00,5517000000.00,3303000000.00,83747000000.00,,606000000.00,,,31946000000.00,85865000000.00,,464088000000.00,12777000000.00,103246000000.00,8510000000.00,118032000000.00,-1063000000.00,9024000000.00,7000000.00,8349000000.00,58785000000.00,92862000000.00,4165000000.00,29892000000.00,33358000000.00,9368000000.00,,,,82030000000.00,777000000.00,229000000.00,,,82578000000.00,17765000000.00,,,64813000000.00,56508000000.00,,8305000000.00,,,3.1700,3.1600,-5917000000.00,,,58896000000.00,50503000000.00,8393000000.00,,
2264,601318,XSHG,2012-10-31,2012-09-30,2011-09-30,Q3,9,1,185329000000.00,143026000000.00,159959000000.00,123000000.00,8349000000.00,8584000000.00,-637000000.00,23374000000.00,,-457000000.00,,,3382000000.00,16641000000.00,,163809000000.00,3190000000.00,41684000000.00,2820000000.00,63489000000.00,316000000.00,3865000000.00,16000000.00,5174000000.00,13179000000.00,28495000000.00,2460000000.00,6793000000.00,2831000000.00,689000000.00,,,,21520000000.00,240000000.00,185000000.00,,,21575000000.00,5289000000.00,,,16286000000.00,14519000000.00,,1767000000.00,,,1.8800,1.8800,-17582000000.00,,,-1296000000.00,-2787000000.00,1491000000.00,,
2264,601318,XSHG,2011-04-28,2011-03-31,2010-03-31,Q1,3,1,52148000000.00,42291000000.00,48091000000.00,80000000.00,2372000000.00,3428000000.00,-182000000.00,6198000000.00,,2000000.00,,,1523000000.00,2316000000.00,,46653000000.00,808000000.00,8712000000.00,955000000.00,22824000000.00,550000000.00,1175000000.00,12000000.00,1072000000.00,4682000000.00,6862000000.00,541000000.00,2279000000.00,80000000.00,193000000.00,,,,5495000000.00,27000000.00,1000000.00,,,5521000000.00,904000000.00,,,4617000000.00,4551000000.00,,66000000.00,,,.6200,.6200,177000000.00,,,4794000000.00,4702000000.00,92000000.00,,
2264,601318,XSHG,2011-08-18,2011-06-30,2010-06-30,S1,6,1,93818000000.00,74585000000.00,85079000000.00,123000000.00,4542000000.00,5952000000.00,-724000000.00,11765000000.00,,-28000000.00,,,3170000000.00,5050000000.00,,81624000000.00,1728000000.00,18179000000.00,1813000000.00,34439000000.00,406000000.00,2234000000.00,20000000.00,2184000000.00,7643000000.00,13215000000.00,1337000000.00,4734000000.00,413000000.00,391000000.00,,,,12194000000.00,73000000.00,59000000.00,,,12208000000.00,2342000000.00,,,9866000000.00,9611000000.00,,255000000.00,,,1.3000,1.3000,-3239000000.00,,,6627000000.00,6398000000.00,229000000.00,,
2264,601318,XSHG,2017-04-28,2017-03-31,2016-03-31,Q1,3,1,208857000000.00,146925000000.00,155451000000.00,8000000.00,5097000000.00,3429000000.00,-816000000.00,24283000000.00,,43000000.00,,,9390000000.00,29032000000.00,,181729000000.00,7249000000.00,36211000000.00,3521000000.00,64238000000.00,-271000000.00,4825000000.00,,5239000000.00,19362000000.00,28494000000.00,1008000000.00,7485000000.00,9909000000.00,2975000000.00,,,,27128000000.00,270000000.00,50000000.00,,,27348000000.00,3959000000.00,,,23389000000.00,20700000000.00,,2689000000.00,,,1.1600,1.1600,-11246000000.00,,,12143000000.00,9509000000.00,2634000000.00,,
2264,601318,XSHG,2013-08-30,2013-06-30,2012-06-30,S1,6,1,159531000000.00,115571000000.00,127812000000.00,44000000.00,7173000000.00,5068000000.00,155000000.00,18248000000.00,,236000000.00,,,4033000000.00,21288000000.00,,138981000000.00,2576000000.00,38762000000.00,2504000000.00,44347000000.00,480000000.00,3784000000.00,3000000.00,5078000000.00,11138000000.00,25340000000.00,2429000000.00,6977000000.00,5490000000.00,899000000.00,,,,20550000000.00,102000000.00,131000000.00,,,20521000000.00,2994000000.00,,,17527000000.00,13959000000.00,,3568000000.00,,,1.7600,1.7600,4583000000.00,,,22110000000.00,18328000000.00,3782000000.00,,
2264,601318,XSHG,2011-03-30,2010-12-31,2009-12-31,A,12,1,147835000000.00,100383000000.00,112213000000.00,134000000.00,6347000000.00,5483000000.00,1814000000.00,30380000000.00,,-17000000.00,,,8284000000.00,6991000000.00,,128254000000.00,4993000000.00,33154000000.00,3621000000.00,40437000000.00,-183000000.00,4559000000.00,26000000.00,3482000000.00,11418000000.00,22438000000.00,1939000000.00,11481000000.00,763000000.00,880000000.00,,,,19581000000.00,615000000.00,277000000.00,,,19919000000.00,5437000000.00,,,14482000000.00,13883000000.00,,599000000.00,,,1.8900,1.8900,7657000000.00,,,22139000000.00,21530000000.00,609000000.00,,
2264,601318,XSHG,2010-04-30,2010-03-31,2009-03-31,Q1,3,1,35273000000.00,27157000000.00,30790000000.00,33000000.00,1984000000.00,1649000000.00,1263000000.00,4323000000.00,,-3000000.00,,,1240000000.00,1293000000.00,,31672000000.00,1208000000.00,7840000000.00,806000000.00,12685000000.00,96000000.00,989000000.00,8000000.00,690000000.00,2986000000.00,4357000000.00,443000000.00,1729000000.00,372000000.00,153000000.00,,,,3601000000.00,69000000.00,20000000.00,,,3650000000.00,1215000000.00,,,2435000000.00,2346000000.00,,89000000.00,,,.3200,.3200,2379000000.00,,,4814000000.00,4740000000.00,74000000.00,,
2264,601318,XSHG,2014-05-07,2014-03-31,2013-03-31,Q1,3,1,103136000000.00,77276000000.00,85018000000.00,25000000.00,5206000000.00,2536000000.00,53000000.00,11569000000.00,,-26000000.00,,,2096000000.00,12168000000.00,,91160000000.00,1742000000.00,21898000000.00,1802000000.00,39394000000.00,901000000.00,2239000000.00,3000000.00,2691000000.00,6924000000.00,13895000000.00,1285000000.00,3985000000.00,1831000000.00,546000000.00,,,,11976000000.00,46000000.00,29000000.00,,,11993000000.00,2825000000.00,,,9168000000.00,7393000000.00,,1775000000.00,,,.9300,.9300,1628000000.00,,,10796000000.00,8815000000.00,1981000000.00,,
2264,601318,XSHG,2014-08-20,2014-06-30,2013-06-30,S1,6,1,189474000000.00,131030000000.00,144460000000.00,28000000.00,9441000000.00,3989000000.00,-68000000.00,27997000000.00,,-105000000.00,,,5247000000.00,25373000000.00,,161898000000.00,3712000000.00,43102000000.00,3937000000.00,57529000000.00,1293000000.00,3482000000.00,3000000.00,5554000000.00,12872000000.00,29975000000.00,2560000000.00,8315000000.00,3789000000.00,1355000000.00,,,,27576000000.00,126000000.00,351000000.00,,,27351000000.00,5580000000.00,,,21771000000.00,17910000000.00,,3861000000.00,,,2.2600,2.2600,-2489000000.00,,,19282000000.00,15490000000.00,3792000000.00,,
2264,601318,XSHG,2015-04-30,2015-03-31,2014-03-31,Q1,3,1,131154000000.00,96503000000.00,108075000000.00,6000000.00,7671000000.00,3901000000.00,-825000000.00,15966000000.00,,47000000.00,,,3411000000.00,16052000000.00,,114492000000.00,2495000000.00,25305000000.00,2581000000.00,47703000000.00,630000000.00,2094000000.00,,3606000000.00,9133000000.00,18054000000.00,2303000000.00,4989000000.00,5263000000.00,1364000000.00,,,,16662000000.00,47000000.00,40000000.00,,,16669000000.00,3676000000.00,,,12993000000.00,10809000000.00,,2184000000.00,,,1.3700,1.2900,116000000.00,,,13109000000.00,10864000000.00,2245000000.00,,
2264,601318,XSHG,2015-08-21,2015-06-30,2014-06-30,S1,6,1,236336000000.00,159364000000.00,179395000000.00,11000000.00,13875000000.00,6156000000.00,222000000.00,33780000000.00,,97000000.00,,,7684000000.00,35189000000.00,,203820000000.00,5053000000.00,50760000000.00,5768000000.00,65132000000.00,888000000.00,3361000000.00,,7483000000.00,17361000000.00,38521000000.00,4367000000.00,10700000000.00,13639000000.00,2833000000.00,,,,32516000000.00,183000000.00,78000000.00,,,32621000000.00,6757000000.00,,,25864000000.00,21362000000.00,,4502000000.00,,,1.3500,1.2800,6133000000.00,,,31997000000.00,27323000000.00,4674000000.00,,
2264,601318,XSHG,2016-03-16,2015-12-31,2014-12-31,A,12,1,462882000000.00,288779000000.00,326423000000.00,38000000.00,24660000000.00,12984000000.00,615000000.00,78735000000.00,,-191000000.00,,,17636000000.00,77308000000.00,,400541000000.00,10188000000.00,102659000000.00,12532000000.00,108419000000.00,1596000000.00,5871000000.00,4000000.00,15915000000.00,34937000000.00,85665000000.00,7963000000.00,27104000000.00,24896000000.00,6974000000.00,,,,62341000000.00,512000000.00,500000000.00,,,62353000000.00,14423000000.00,,,47930000000.00,39279000000.00,,8651000000.00,,,2.4700,2.3400,30774000000.00,,,78704000000.00,69590000000.00,9114000000.00,,
2264,601318,XSHG,2011-10-27,2011-09-30,2010-09-30,Q3,9,1,138226000000.00,105781000000.00,120331000000.00,157000000.00,6645000000.00,7905000000.00,-143000000.00,20906000000.00,,-61000000.00,,,4062000000.00,7681000000.00,,121706000000.00,2659000000.00,27887000000.00,2817000000.00,51155000000.00,639000000.00,3027000000.00,26000000.00,3426000000.00,10410000000.00,20046000000.00,2011000000.00,7238000000.00,691000000.00,608000000.00,,,,16520000000.00,85000000.00,76000000.00,,,16529000000.00,3332000000.00,,,13197000000.00,12756000000.00,,441000000.00,,,1.7100,1.7100,731000000.00,,,13928000000.00,13456000000.00,472000000.00,,
2264,601318,XSHG,2010-08-25,2010-06-30,2009-06-30,S1,6,1,73113000000.00,52335000000.00,59502000000.00,70000000.00,3706000000.00,3461000000.00,1875000000.00,12942000000.00,,-17000000.00,,,3148000000.00,2830000000.00,,61965000000.00,2116000000.00,15725000000.00,1649000000.00,22089000000.00,-83000000.00,1999000000.00,16000000.00,1601000000.00,5936000000.00,9282000000.00,996000000.00,4887000000.00,456000000.00,420000000.00,,,,11148000000.00,77000000.00,98000000.00,,,11127000000.00,3415000000.00,,,7712000000.00,7477000000.00,,235000000.00,,,1.0200,1.0200,7138000000.00,,,14850000000.00,14606000000.00,244000000.00,,
2264,601318,XSHG,2010-10-28,2010-09-30,2009-09-30,Q3,9,1,108809000000.00,75385000000.00,85620000000.00,111000000.00,5074000000.00,5161000000.00,1653000000.00,22104000000.00,,-11000000.00,,,4952000000.00,4726000000.00,,91779000000.00,3042000000.00,24637000000.00,2527000000.00,30256000000.00,-8000000.00,3033000000.00,22000000.00,2556000000.00,8752000000.00,15004000000.00,1455000000.00,7325000000.00,481000000.00,645000000.00,,,,17030000000.00,371000000.00,202000000.00,,,17199000000.00,5024000000.00,,,12175000000.00,11722000000.00,,453000000.00,,,1.6000,1.6000,5387000000.00,,,17562000000.00,17115000000.00,447000000.00,,
2264,601318,XSHG,2014-03-14,2013-12-31,2012-12-31,A,12,1,299372000000.00,213144000000.00,233940000000.00,69000000.00,12851000000.00,7945000000.00,105000000.00,32996000000.00,,255000000.00,,,8935000000.00,43937000000.00,,266997000000.00,5341000000.00,80512000000.00,5858000000.00,72810000000.00,881000000.00,5769000000.00,8000000.00,10181000000.00,20429000000.00,57912000000.00,4529000000.00,13528000000.00,10017000000.00,1758000000.00,,,,32375000000.00,326000000.00,363000000.00,,,32338000000.00,5588000000.00,,,26750000000.00,20050000000.00,,6700000000.00,,,2.5300,2.5300,12073000000.00,,,38823000000.00,32389000000.00,6434000000.00,,
2264,601318,XSHG,2014-10-29,2014-09-30,2013-09-30,Q3,9,1,274483000000.00,184198000000.00,204531000000.00,50000000.00,13802000000.00,6531000000.00,11000000.00,42219000000.00,,-286000000.00,,,8270000000.00,40071000000.00,,236778000000.00,5588000000.00,65653000000.00,6343000000.00,76755000000.00,1594000000.00,4349000000.00,6000000.00,8712000000.00,18970000000.00,47787000000.00,4076000000.00,13018000000.00,5907000000.00,2046000000.00,,,,37705000000.00,230000000.00,393000000.00,,,37542000000.00,8090000000.00,,,29452000000.00,23339000000.00,,6113000000.00,,,2.9500,2.9500,716000000.00,,,30168000000.00,24326000000.00,5842000000.00,,
2264,601318,XSHG,2012-03-16,2011-12-31,2010-12-31,A,12,1,189439000000.00,141124000000.00,159384000000.00,217000000.00,8181000000.00,10079000000.00,-137000000.00,32782000000.00,,-104000000.00,,,4906000000.00,10868000000.00,,167122000000.00,3816000000.00,39629000000.00,3741000000.00,66479000000.00,577000000.00,3907000000.00,38000000.00,4743000000.00,14507000000.00,29276000000.00,2616000000.00,9216000000.00,1532000000.00,913000000.00,,,,22317000000.00,189000000.00,159000000.00,,,22347000000.00,4409000000.00,,,17938000000.00,17311000000.00,,627000000.00,,,2.3000,2.3000,-3005000000.00,,,14933000000.00,14354000000.00,579000000.00,,
2264,601318,XSHG,2012-04-28,2012-03-31,2011-03-31,Q1,3,1,73915000000.00,62424000000.00,69600000000.00,34000000.00,3358000000.00,3818000000.00,-271000000.00,7618000000.00,,-58000000.00,,,895000000.00,3307000000.00,,66666000000.00,1051000000.00,13097000000.00,1013000000.00,35139000000.00,319000000.00,1588000000.00,6000000.00,1512000000.00,5740000000.00,7746000000.00,973000000.00,2114000000.00,768000000.00,210000000.00,,,,7249000000.00,46000000.00,29000000.00,,,7266000000.00,1320000000.00,,,5946000000.00,5814000000.00,,132000000.00,,,.7600,.7600,1051000000.00,,,6997000000.00,6863000000.00,134000000.00,,
2264,601318,XSHG,2016-04-27,2016-03-31,2015-03-31,Q1,3,1,175457000000.00,114606000000.00,127033000000.00,11000000.00,6849000000.00,5578000000.00,37000000.00,33609000000.00,,-184000000.00,,,4820000000.00,22569000000.00,,141997000000.00,8046000000.00,28785000000.00,3019000000.00,52879000000.00,875000000.00,3058000000.00,1000000.00,5136000000.00,13821000000.00,21475000000.00,1980000000.00,8361000000.00,5137000000.00,1172000000.00,,,,33460000000.00,78000000.00,43000000.00,,,33495000000.00,11059000000.00,,,22436000000.00,19964000000.00,,2472000000.00,,,1.0900,1.0900,-3572000000.00,,,18864000000.00,16336000000.00,2528000000.00,,
2264,601318,XSHG,2013-10-26,2013-09-30,2012-09-30,Q3,9,1,226436000000.00,162788000000.00,179905000000.00,57000000.00,10187000000.00,6930000000.00,82000000.00,24438000000.00,,252000000.00,,,6519000000.00,32357000000.00,,201202000000.00,3950000000.00,58255000000.00,3900000000.00,59715000000.00,1037000000.00,4721000000.00,5000000.00,7633000000.00,15595000000.00,39616000000.00,3448000000.00,10510000000.00,8083000000.00,1504000000.00,,,,25234000000.00,182000000.00,195000000.00,,,25221000000.00,3788000000.00,,,21433000000.00,16085000000.00,,5348000000.00,,,2.0300,2.0300,2534000000.00,,,23967000000.00,18951000000.00,5016000000.00,,
2264,601318,XSHG,2016-08-18,2016-06-30,2015-06-30,S1,6,1,337909000000.00,191862000000.00,212275000000.00,15000000.00,12911000000.00,7502000000.00,374000000.00,84121000000.00,,-440000000.00,,,11610000000.00,50382000000.00,,278481000000.00,11173000000.00,56934000000.00,6314000000.00,91887000000.00,872000000.00,4776000000.00,1000000.00,11482000000.00,25809000000.00,48973000000.00,3888000000.00,20355000000.00,15749000000.00,2416000000.00,,,,59428000000.00,202000000.00,87000000.00,,,59543000000.00,19632000000.00,,,39911000000.00,34649000000.00,,5262000000.00,,,1.9000,1.9000,71000000.00,,,39982000000.00,34508000000.00,5474000000.00,,
2264,601318,XSHG,2017-08-18,2017-06-30,2017-06-30,S1,6,1,463765000000.00,321171000000.00,341390000000.00,94000000.00,9442000000.00,10777000000.00,875000000.00,64020000000.00,,-256000000.00,,,20523000000.00,57432000000.00,,398259000000.00,13242000000.00,78107000000.00,4006000000.00,135892000000.00,901000000.00,8403000000.00,22000000.00,1827000000.00,57780000000.00,62380000000.00,3709000000.00,19449000000.00,24575000000.00,5198000000.00,,,,65506000000.00,200000000.00,158000000.00,,,65548000000.00,16455000000.00,,,49093000000.00,43427000000.00,,5666000000.00,,,2.4300,2.4300,9927000000.00,,,59020000000.00,53153000000.00,5867000000.00,,
2264,601318,XSHG,2017-08-18,2017-06-30,2016-06-30,S1,6,1,376657000000.00,243623000000.00,256873000000.00,54000000.00,9289000000.00,3961000000.00,676000000.00,54471000000.00,,316000000.00,,,20182000000.00,57389000000.00,,320871000000.00,10075000000.00,69846000000.00,6115000000.00,89314000000.00,-551000000.00,7071000000.00,6000000.00,7594000000.00,38739000000.00,61744000000.00,2917000000.00,17377000000.00,21268000000.00,6318000000.00,,,,55786000000.00,394000000.00,118000000.00,,,56062000000.00,9754000000.00,,,46308000000.00,40776000000.00,,5532000000.00,,,2.2800,2.2800,-9129000000.00,,,37179000000.00,31679000000.00,5500000000.00,,
2264,601318,XSHG,2013-04-27,2013-03-31,2012-03-31,Q1,3,1,86504000000.00,67870000000.00,74677000000.00,36000000.00,3931000000.00,2876000000.00,95000000.00,6161000000.00,,93000000.00,,,1493000000.00,10792000000.00,,76155000000.00,1260000000.00,19348000000.00,1028000000.00,30968000000.00,551000000.00,2384000000.00,,2484000000.00,6147000000.00,12138000000.00,1253000000.00,2958000000.00,945000000.00,355000000.00,,,,10349000000.00,30000000.00,39000000.00,,,10340000000.00,2537000000.00,,,7803000000.00,6064000000.00,,1739000000.00,,,.7700,.7700,3710000000.00,,,11513000000.00,9687000000.00,1826000000.00,,
2264,601318,XSHG,2012-08-24,2012-06-30,2011-06-30,S1,6,1,129749000000.00,103399000000.00,116080000000.00,78000000.00,5857000000.00,6824000000.00,-386000000.00,18177000000.00,,-149000000.00,,,2066000000.00,6642000000.00,,113443000000.00,2058000000.00,27749000000.00,1910000000.00,50353000000.00,510000000.00,2842000000.00,13000000.00,3011000000.00,9375000000.00,16223000000.00,1622000000.00,4284000000.00,1129000000.00,448000000.00,,,,16306000000.00,81000000.00,121000000.00,,,16266000000.00,3268000000.00,,,12998000000.00,12757000000.00,,241000000.00,,,1.6700,1.6700,-3545000000.00,,,9453000000.00,9228000000.00,225000000.00,,
2264,601318,XSHG,2017-03-23,2016-12-31,2015-12-31,A,12,1,619990000000.00,349846000000.00,386012000000.00,63000000.00,25208000000.00,10958000000.00,125000000.00,137844000000.00,,256000000.00,,,27583000000.00,104336000000.00,,527043000000.00,16578000000.00,118125000000.00,13016000000.00,140108000000.00,2127000000.00,8455000000.00,11000000.00,20815000000.00,50633000000.00,112737000000.00,9148000000.00,39785000000.00,36548000000.00,7539000000.00,,,,92947000000.00,859000000.00,393000000.00,,,93413000000.00,28235000000.00,,,65178000000.00,54203000000.00,,10975000000.00,,,2.9800,2.9800,752000000.00,,,65930000000.00,54565000000.00,11365000000.00,,
2264,601318,XSHG,2013-03-15,2012-12-31,2011-12-31,A,12,1,248915000000.00,186662000000.00,207802000000.00,175000000.00,10970000000.00,10170000000.00,-320000000.00,32572000000.00,,-434000000.00,,,3989000000.00,26446000000.00,,219002000000.00,4407000000.00,58230000000.00,3960000000.00,76450000000.00,438000000.00,5000000000.00,20000000.00,7424000000.00,17747000000.00,43142000000.00,3656000000.00,9063000000.00,4319000000.00,1254000000.00,,,,29913000000.00,363000000.00,250000000.00,,,30026000000.00,7444000000.00,,,22582000000.00,19475000000.00,,3107000000.00,,,2.5000,2.5000,-12264000000.00,,,10318000000.00,6976000000.00,3342000000.00,,
2264,601318,XSHG,2016-10-28,2016-09-30,2015-09-30,Q3,9,1,473206000000.00,269671000000.00,296831000000.00,46000000.00,18767000000.00,8393000000.00,-61000000.00,106523000000.00,,2000000.00,,,18125000000.00,78946000000.00,,392464000000.00,13954000000.00,86010000000.00,9508000000.00,116568000000.00,2108000000.00,6509000000.00,5000000.00,15970000000.00,37894000000.00,77659000000.00,5769000000.00,27505000000.00,24090000000.00,3685000000.00,,,,80742000000.00,376000000.00,150000000.00,,,80968000000.00,24563000000.00,,,56405000000.00,48276000000.00,,8129000000.00,,,2.6400,2.6400,-13161000000.00,,,43244000000.00,34881000000.00,8363000000.00,,
26952,601336,XSHG,2014-03-27,2013-12-31,2012-12-31,A,12,1,116921000000.00,97589000000.00,97719000000.00,,-5000000.00,135000000.00,505000000.00,18336000000.00,,-37000000.00,,,528000000.00,,,114356000000.00,18093000000.00,7840000000.00,932000000.00,63876000000.00,-1021000000.00,,,134000000.00,6960000000.00,9875000000.00,90000000.00,2566000000.00,5013000000.00,,,,,2565000000.00,23000000.00,300000000.00,,,2288000000.00,-646000000.00,,,2934000000.00,2933000000.00,,1000000.00,,,.9400,.9400,2853000000.00,,,5787000000.00,5786000000.00,1000000.00,,
26952,601336,XSHG,2017-08-30,2017-06-30,2017-06-30,S1,6,1,77070000000.00,60149000000.00,61239000000.00,,636000000.00,454000000.00,138000000.00,16589000000.00,118000000.00,-157000000.00,,,351000000.00,,,72099000000.00,22119000000.00,23427000000.00,288000000.00,8709000000.00,48000000.00,,,75000000.00,8794000000.00,7016000000.00,67000000.00,1643000000.00,719000000.00,,,,,4971000000.00,27000000.00,119000000.00,,,4879000000.00,1642000000.00,,,3237000000.00,3237000000.00,,,,,1.0400,1.0400,824000000.00,,,4061000000.00,4061000000.00,,,
26952,601336,XSHG,2017-08-30,2017-06-30,2016-06-30,S1,6,1,87451000000.00,70302000000.00,71035000000.00,,446000000.00,287000000.00,-175000000.00,16927000000.00,39000000.00,142000000.00,,,255000000.00,,,83275000000.00,26812000000.00,20720000000.00,901000000.00,20032000000.00,-1103000000.00,,,63000000.00,7416000000.00,6372000000.00,53000000.00,1269000000.00,442000000.00,,,,,4176000000.00,96000000.00,40000000.00,,,4232000000.00,898000000.00,,,3334000000.00,3333000000.00,,1000000.00,,,1.0700,1.0700,-2540000000.00,,,794000000.00,793000000.00,1000000.00,,
26952,601336,XSHG,2012-10-30,2012-09-30,2011-09-30,Q3,9,1,84618000000.00,74571000000.00,74361000000.00,,-383000000.00,173000000.00,-1359000000.00,11181000000.00,,-145000000.00,,,370000000.00,,,82001000000.00,10734000000.00,5019000000.00,62000000.00,52982000000.00,-339000000.00,,,143000000.00,5426000000.00,6294000000.00,31000000.00,1084000000.00,73000000.00,,,,,2617000000.00,34000000.00,95000000.00,,,2556000000.00,286000000.00,,,2270000000.00,2269000000.00,,1000000.00,,,1.0600,1.0600,-3974000000.00,,,-1704000000.00,-1705000000.00,1000000.00,,
26952,601336,XSHG,2012-08-30,2012-06-30,2011-06-30,S1,6,1,57812000000.00,50707000000.00,50662000000.00,,-238000000.00,193000000.00,-464000000.00,7390000000.00,,-70000000.00,,,249000000.00,,,55739000000.00,6139000000.00,3776000000.00,45000000.00,37427000000.00,-219000000.00,,,92000000.00,3667000000.00,4018000000.00,20000000.00,707000000.00,-241000000.00,,,,,2073000000.00,33000000.00,56000000.00,,,2050000000.00,275000000.00,,,1775000000.00,1775000000.00,,,,,.9300,.9300,-1871000000.00,,,-96000000.00,-96000000.00,,,
26952,601336,XSHG,2013-04-27,2013-03-31,2012-03-31,Q1,3,1,38790000000.00,34899000000.00,35076000000.00,,-45000000.00,222000000.00,365000000.00,3415000000.00,,-12000000.00,,,123000000.00,,,37898000000.00,4741000000.00,2224000000.00,272000000.00,25390000000.00,-332000000.00,,,31000000.00,2115000000.00,2235000000.00,13000000.00,595000000.00,520000000.00,,,,,892000000.00,,32000000.00,,,860000000.00,92000000.00,,,768000000.00,768000000.00,,,,,.2500,.2500,808000000.00,,,1576000000.00,1576000000.00,,,
26952,601336,XSHG,2012-04-27,2012-03-31,2011-03-31,Q1,3,1,34214000000.00,30188000000.00,30239000000.00,,-133000000.00,184000000.00,-273000000.00,4207000000.00,,-39000000.00,,,131000000.00,,,32756000000.00,3032000000.00,2157000000.00,28000000.00,23297000000.00,-114000000.00,,,80000000.00,2077000000.00,1940000000.00,7000000.00,382000000.00,-288000000.00,,,,,1458000000.00,29000000.00,23000000.00,,,1464000000.00,269000000.00,,,1195000000.00,1195000000.00,,,,,1.0000,1.0000,-1058000000.00,,,137000000.00,137000000.00,,,
26952,601336,XSHG,2013-08-28,2013-06-30,2012-06-30,S1,6,1,65351000000.00,55763000000.00,55950000000.00,,-40000000.00,227000000.00,272000000.00,9046000000.00,,28000000.00,,,242000000.00,,,63786000000.00,8559000000.00,3935000000.00,447000000.00,39642000000.00,-487000000.00,,,71000000.00,3796000000.00,4540000000.00,23000000.00,1210000000.00,2016000000.00,,,,,1565000000.00,5000000.00,62000000.00,,,1508000000.00,-397000000.00,,,1905000000.00,1904000000.00,,1000000.00,,,.6100,.6100,1946000000.00,,,3851000000.00,3850000000.00,1000000.00,,
26952,601336,XSHG,2014-08-27,2014-06-30,2013-06-30,S1,6,1,62691000000.00,50941000000.00,51344000000.00,,161000000.00,242000000.00,-573000000.00,12120000000.00,-12000000.00,-167000000.00,,,370000000.00,,,60138000000.00,13260000000.00,4913000000.00,175000000.00,31875000000.00,-98000000.00,,,60000000.00,3075000000.00,4533000000.00,41000000.00,1613000000.00,927000000.00,,,,,2553000000.00,1000000.00,58000000.00,,,2496000000.00,308000000.00,,,2188000000.00,2187000000.00,,1000000.00,,,.7000,.7000,-375000000.00,,,1813000000.00,1812000000.00,1000000.00,,
26952,601336,XSHG,2016-08-31,2016-06-30,2015-06-30,S1,6,1,103997000000.00,72177000000.00,72661000000.00,,333000000.00,151000000.00,-122000000.00,31624000000.00,255000000.00,-9000000.00,,,327000000.00,,,95111000000.00,39422000000.00,13040000000.00,132000000.00,28853000000.00,113000000.00,,,959000000.00,5165000000.00,5824000000.00,74000000.00,2143000000.00,24000000.00,,,,,8886000000.00,3000000.00,46000000.00,,,8843000000.00,2090000000.00,,,6753000000.00,6752000000.00,,1000000.00,,,2.1600,2.1600,2473000000.00,,,9226000000.00,9225000000.00,1000000.00,,
26952,601336,XSHG,2012-03-29,2011-12-31,2010-12-31,A,12,1,102513000000.00,91583000000.00,91679000000.00,,-32000000.00,128000000.00,-158000000.00,10684000000.00,,-52000000.00,,,456000000.00,,,100227000000.00,7710000000.00,5518000000.00,88000000.00,70510000000.00,39000000.00,,,128000000.00,7179000000.00,8443000000.00,33000000.00,1168000000.00,-269000000.00,,,,,2286000000.00,171000000.00,202000000.00,,,2255000000.00,5000000.00,,,2250000000.00,2249000000.00,,1000000.00,,,1.8700,1.8700,80000000.00,,,2330000000.00,2329000000.00,1000000.00,,
26952,601336,XSHG,2016-03-30,2015-12-31,2014-12-31,A,12,1,143187000000.00,109271000000.00,109868000000.00,,404000000.00,193000000.00,324000000.00,33022000000.00,539000000.00,30000000.00,,,540000000.00,,,135796000000.00,49026000000.00,17121000000.00,179000000.00,46155000000.00,106000000.00,,,235000000.00,7613000000.00,11451000000.00,116000000.00,3572000000.00,1024000000.00,,,,,7391000000.00,469000000.00,78000000.00,,,7782000000.00,1375000000.00,,,6407000000.00,6406000000.00,,1000000.00,,,2.0500,2.0500,3107000000.00,,,9514000000.00,9513000000.00,1000000.00,,
26952,601336,XSHG,2014-04-30,2014-03-31,2013-03-31,Q1,3,1,37256000000.00,31324000000.00,31615000000.00,,85000000.00,206000000.00,-280000000.00,6113000000.00,,-28000000.00,,,127000000.00,,,35448000000.00,7338000000.00,2792000000.00,109000000.00,20780000000.00,-73000000.00,,,26000000.00,1727000000.00,2189000000.00,19000000.00,465000000.00,186000000.00,,,,,1808000000.00,,30000000.00,,,1778000000.00,312000000.00,,,1466000000.00,1465000000.00,,1000000.00,,,.4700,.4700,72000000.00,,,1538000000.00,1537000000.00,1000000.00,,
26952,601336,XSHG,2011-11-22,2011-06-30,2009-12-31,A,12,1,73674000000.00,64998000000.00,65040000000.00,,-30000000.00,72000000.00,932000000.00,7197000000.00,,-2000000.00,,,549000000.00,.00,,70965000000.00,5249000000.00,5555000000.00,73000000.00,45944000000.00,-20000000.00,,,116000000.00,5450000000.00,7261000000.00,55000000.00,1432000000.00,66000000.00,,,,,2709000000.00,9000000.00,67000000.00,.00,,2651000000.00,-10000000.00,,,2661000000.00,2660000000.00,,1000000.00,,,2.2200,2.2200,198000000.00,,,2859000000.00,2858000000.00,1000000.00,,
26952,601336,XSHG,2015-04-30,2015-03-31,2014-03-31,Q1,3,1,55231000000.00,48071000000.00,48365000000.00,,108000000.00,186000000.00,51000000.00,6895000000.00,141000000.00,84000000.00,,,130000000.00,,,53390000000.00,10576000000.00,3977000000.00,46000000.00,32796000000.00,3000000.00,,,36000000.00,2476000000.00,2635000000.00,31000000.00,717000000.00,257000000.00,,,,,1841000000.00,1000000.00,12000000.00,,,1830000000.00,270000000.00,,,1560000000.00,1560000000.00,,,,,.5000,.5000,-1000000.00,,,1559000000.00,1559000000.00,,,
26952,601336,XSHG,2013-03-27,2012-12-31,2011-12-31,A,12,1,109209000000.00,95310000000.00,94797000000.00,,-584000000.00,71000000.00,-1228000000.00,14826000000.00,,-206000000.00,,,507000000.00,,,105824000000.00,15047000000.00,6115000000.00,93000000.00,65548000000.00,-534000000.00,,,140000000.00,7265000000.00,9272000000.00,43000000.00,1556000000.00,483000000.00,,,,,3385000000.00,39000000.00,149000000.00,,,3275000000.00,475000000.00,,,2800000000.00,2799000000.00,,1000000.00,,,1.2400,1.2400,-3693000000.00,,,-893000000.00,-894000000.00,1000000.00,,
26952,601336,XSHG,2013-10-31,2013-09-30,2012-09-30,Q3,9,1,91932000000.00,77621000000.00,77826000000.00,,-14000000.00,219000000.00,33000000.00,13845000000.00,,44000000.00,,,389000000.00,,,89975000000.00,12946000000.00,5718000000.00,705000000.00,52433000000.00,-726000000.00,,,95000000.00,5282000000.00,6888000000.00,39000000.00,1862000000.00,4769000000.00,,,,,1957000000.00,6000000.00,82000000.00,,,1881000000.00,-444000000.00,,,2325000000.00,2324000000.00,,1000000.00,,,.7400,.7400,2066000000.00,,,4391000000.00,4390000000.00,1000000.00,,
26952,601336,XSHG,2015-10-31,2015-09-30,2014-09-30,Q3,9,1,109925000000.00,85725000000.00,86225000000.00,,313000000.00,187000000.00,192000000.00,23532000000.00,387000000.00,83000000.00,,,393000000.00,,,102221000000.00,27962000000.00,12362000000.00,140000000.00,44900000000.00,50000000.00,,,132000000.00,5748000000.00,7966000000.00,85000000.00,2480000000.00,946000000.00,,,,,7704000000.00,30000000.00,49000000.00,,,7685000000.00,1359000000.00,,,6326000000.00,6325000000.00,,1000000.00,,,2.0300,2.0300,1645000000.00,,,7971000000.00,7970000000.00,1000000.00,,
26952,601336,XSHG,2016-10-29,2016-09-30,2015-09-30,Q3,9,1,133994000000.00,94011000000.00,94623000000.00,,492000000.00,120000000.00,-178000000.00,39479000000.00,398000000.00,171000000.00,,,511000000.00,,,122583000000.00,47163000000.00,18775000000.00,197000000.00,36011000000.00,153000000.00,,,1044000000.00,7679000000.00,8955000000.00,110000000.00,2832000000.00,584000000.00,,,,,11411000000.00,5000000.00,67000000.00,,,11349000000.00,2704000000.00,,,8645000000.00,8644000000.00,,1000000.00,,,2.7700,2.7700,-2266000000.00,,,6379000000.00,6378000000.00,1000000.00,,
26952,601336,XSHG,2017-04-29,2017-03-31,2016-03-31,Q1,3,1,55267000000.00,46076000000.00,46575000000.00,,220000000.00,279000000.00,-170000000.00,9284000000.00,22000000.00,-42000000.00,,,119000000.00,,,53109000000.00,21294000000.00,12398000000.00,466000000.00,11359000000.00,-595000000.00,,,60000000.00,4063000000.00,3212000000.00,29000000.00,580000000.00,43000000.00,,,,,2158000000.00,56000000.00,16000000.00,,,2198000000.00,204000000.00,,,1994000000.00,1994000000.00,,,,,.6400,.6400,-2588000000.00,,,-594000000.00,-594000000.00,,,
26952,601336,XSHG,2018-04-27,2018-03-31,2018-03-31,Q1,3,1,46159000000.00,38619000000.00,39434000000.00,,404000000.00,411000000.00,-111000000.00,7625000000.00,87000000.00,-125000000.00,,,151000000.00,,,42536000000.00,18952000000.00,12486000000.00,156000000.00,3704000000.00,89000000.00,23000000.00,,25000000.00,4149000000.00,2634000000.00,59000000.00,666000000.00,201000000.00,,,,,3623000000.00,3000000.00,22000000.00,,,3604000000.00,994000000.00,,,2610000000.00,2609000000.00,,1000000.00,,,.8400,.8400,-812000000.00,,,1798000000.00,1797000000.00,1000000.00,,
26952,601336,XSHG,2014-10-25,2014-09-30,2013-09-30,Q3,9,1,90498000000.00,71863000000.00,72273000000.00,,242000000.00,168000000.00,-107000000.00,18455000000.00,,-217000000.00,,,504000000.00,,,85763000000.00,21149000000.00,7203000000.00,296000000.00,42592000000.00,-126000000.00,,,85000000.00,4474000000.00,6894000000.00,96000000.00,2423000000.00,1209000000.00,,,,,4735000000.00,4000000.00,86000000.00,,,4653000000.00,701000000.00,,,3952000000.00,3950000000.00,,2000000.00,,,1.2700,1.2700,-30000000.00,,,3922000000.00,3920000000.00,2000000.00,,
26952,601336,XSHG,2016-04-30,2016-03-31,2015-03-31,Q1,3,1,66256000000.00,51624000000.00,51997000000.00,,183000000.00,190000000.00,-54000000.00,14517000000.00,133000000.00,33000000.00,,,136000000.00,,,61558000000.00,30677000000.00,7477000000.00,70000000.00,15930000000.00,34000000.00,,,405000000.00,2956000000.00,2903000000.00,40000000.00,1351000000.00,3000000.00,,,,,4698000000.00,2000000.00,16000000.00,,,4684000000.00,1059000000.00,,,3625000000.00,3624000000.00,,1000000.00,,,1.1600,1.1600,1957000000.00,,,5582000000.00,5581000000.00,1000000.00,,
26952,601336,XSHG,2017-10-28,2017-09-30,2017-09-30,Q3,9,1,115561000000.00,88426000000.00,89840000000.00,,923000000.00,491000000.00,128000000.00,26775000000.00,83000000.00,-268000000.00,,,500000000.00,,,108602000000.00,29466000000.00,30626000000.00,482000000.00,22721000000.00,49000000.00,1000000.00,,99000000.00,12921000000.00,10115000000.00,120000000.00,2424000000.00,880000000.00,,,,,6959000000.00,40000000.00,145000000.00,,,6854000000.00,1811000000.00,,,5043000000.00,5042000000.00,,1000000.00,,,1.6200,1.6200,907000000.00,,,5950000000.00,5949000000.00,1000000.00,,
26952,601336,XSHG,2017-10-28,2017-09-30,2016-09-30,Q3,9,1,117785000000.00,92474000000.00,93418000000.00,,712000000.00,232000000.00,-155000000.00,24892000000.00,28000000.00,195000000.00,,,379000000.00,,,111730000000.00,32620000000.00,31046000000.00,1301000000.00,25755000000.00,-810000000.00,,,72000000.00,10531000000.00,9575000000.00,147000000.00,1986000000.00,783000000.00,,,,,6055000000.00,117000000.00,71000000.00,,,6101000000.00,1314000000.00,,,4787000000.00,4786000000.00,,1000000.00,,,1.5300,1.5300,-1947000000.00,,,2840000000.00,2839000000.00,1000000.00,,
26952,601336,XSHG,2015-08-26,2015-06-30,2014-06-30,S1,6,1,81292000000.00,66409000000.00,66817000000.00,,213000000.00,195000000.00,121000000.00,14408000000.00,269000000.00,92000000.00,,,262000000.00,,,76770000000.00,18688000000.00,8374000000.00,93000000.00,38212000000.00,26000000.00,,,67000000.00,4125000000.00,5238000000.00,57000000.00,1488000000.00,754000000.00,,,,,4522000000.00,27000000.00,26000000.00,,,4523000000.00,774000000.00,,,3749000000.00,3748000000.00,,1000000.00,,,1.2000,1.2000,697000000.00,,,4446000000.00,4445000000.00,1000000.00,,
26952,601336,XSHG,2017-03-30,2016-12-31,2015-12-31,A,12,1,158453000000.00,111220000000.00,111859000000.00,,690000000.00,-51000000.00,-9000000.00,46223000000.00,535000000.00,305000000.00,,,714000000.00,,,147174000000.00,54336000000.00,24836000000.00,308000000.00,40178000000.00,323000000.00,,,985000000.00,10669000000.00,12839000000.00,184000000.00,3533000000.00,613000000.00,,,,,11279000000.00,610000000.00,107000000.00,,,11782000000.00,3180000000.00,,,8602000000.00,8601000000.00,,1000000.00,,,2.7600,2.7600,1530000000.00,,,10132000000.00,10131000000.00,1000000.00,,
26952,601336,XSHG,2018-04-27,2018-03-31,2017-03-31,Q1,3,1,44595000000.00,36705000000.00,37251000000.00,,303000000.00,243000000.00,98000000.00,7648000000.00,15000000.00,-19000000.00,,,163000000.00,,,41829000000.00,16604000000.00,15601000000.00,170000000.00,-201000000.00,50000000.00,,,17000000.00,5175000000.00,3682000000.00,48000000.00,795000000.00,424000000.00,,,,,2766000000.00,2000000.00,84000000.00,,,2684000000.00,847000000.00,,,1837000000.00,1837000000.00,,,,,.5900,.5900,646000000.00,,,2483000000.00,2483000000.00,,,
26952,601336,XSHG,2015-03-26,2014-12-31,2013-12-31,A,12,1,129594000000.00,103182000000.00,103640000000.00,,293000000.00,165000000.00,-31000000.00,26087000000.00,364000000.00,-299000000.00,,,655000000.00,,,124524000000.00,28795000000.00,9255000000.00,330000000.00,65913000000.00,-108000000.00,,,113000000.00,6195000000.00,10097000000.00,120000000.00,3188000000.00,1310000000.00,,,,,5070000000.00,6000000.00,117000000.00,,,4959000000.00,535000000.00,,,4424000000.00,4422000000.00,,2000000.00,,,1.4200,1.4200,-980000000.00,,,3444000000.00,3442000000.00,2000000.00,,
26952,601336,XSHG,2018-03-21,2017-12-31,2017-12-31,A,12,1,144132000000.00,107928000000.00,109294000000.00,,1264000000.00,102000000.00,124000000.00,35649000000.00,296000000.00,-321000000.00,26000000.00,36000000.00,690000000.00,,,136631000000.00,33906000000.00,38379000000.00,670000000.00,30876000000.00,10000000.00,4000000.00,,169000000.00,15905000000.00,14050000000.00,273000000.00,3194000000.00,1101000000.00,,,,,7501000000.00,22000000.00,193000000.00,,,7330000000.00,1946000000.00,,,5384000000.00,5383000000.00,,1000000.00,,,1.7300,1.7300,676000000.00,,,6060000000.00,6059000000.00,1000000.00,,
26952,601336,XSHG,2018-03-21,2017-12-31,2016-12-31,A,12,1,146173000000.00,111547000000.00,112560000000.00,,936000000.00,77000000.00,-373000000.00,34011000000.00,148000000.00,475000000.00,,,513000000.00,,,139708000000.00,43777000000.00,39709000000.00,1965000000.00,26077000000.00,-1296000000.00,,,168000000.00,13530000000.00,13322000000.00,241000000.00,2693000000.00,1342000000.00,,,,,6465000000.00,127000000.00,110000000.00,,,6482000000.00,1539000000.00,,,4943000000.00,4942000000.00,,1000000.00,,,1.5800,1.5800,-2741000000.00,,,2202000000.00,2201000000.00,1000000.00,,
26662,601601,XSHG,2015-03-30,2014-12-31,2013-12-31,A,12,1,193137000000.00,159625000000.00,176923000000.00,137000000.00,15295000000.00,2003000000.00,16000000.00,32277000000.00,,-280000000.00,,,1499000000.00,.00,,181269000000.00,19783000000.00,58816000000.00,6901000000.00,58663000000.00,1228000000.00,4126000000.00,33000000.00,4810000000.00,,24912000000.00,5477000000.00,3062000000.00,1263000000.00,19407000000.00,,,,11868000000.00,121000000.00,75000000.00,.00,,11914000000.00,2519000000.00,,,9395000000.00,9261000000.00,,134000000.00,,,1.0200,1.0200,-3348000000.00,,,6047000000.00,5963000000.00,84000000.00,,
26662,601601,XSHG,2018-03-30,2017-12-31,2017-12-31,A,12,1,319809000000.00,263554000000.00,281644000000.00,2307000000.00,15784000000.00,2306000000.00,1443000000.00,51946000000.00,74000000.00,-140000000.00,168000000.00,24000000.00,2814000000.00,,,298786000000.00,10168000000.00,94786000000.00,7723000000.00,105558000000.00,1605000000.00,8946000000.00,271000000.00,966000000.00,47281000000.00,36293000000.00,5770000000.00,5075000000.00,713000000.00,3827000000.00,,,,21023000000.00,186000000.00,107000000.00,,,21102000000.00,6111000000.00,,,14991000000.00,14662000000.00,,329000000.00,,,1.6200,1.6200,-2496000000.00,,,12495000000.00,12206000000.00,289000000.00,,
26662,601601,XSHG,2016-03-28,2015-12-31,2014-12-31,A,12,1,219778000000.00,172891000000.00,191805000000.00,197000000.00,13437000000.00,5477000000.00,713000000.00,44409000000.00,22000000.00,40000000.00,,,1725000000.00,,,205356000000.00,29028000000.00,68428000000.00,8575000000.00,54096000000.00,1363000000.00,4970000000.00,29000000.00,5712000000.00,19725000000.00,27065000000.00,3830000000.00,3093000000.00,3800000000.00,3178000000.00,,,,14422000000.00,161000000.00,83000000.00,,,14500000000.00,3255000000.00,,,11245000000.00,11049000000.00,,196000000.00,,,1.2200,1.2200,10917000000.00,,,22162000000.00,21788000000.00,374000000.00,,
26662,601601,XSHG,2015-08-31,2015-06-30,2014-06-30,S1,6,1,114145000000.00,95628000000.00,108413000000.00,42000000.00,7476000000.00,5309000000.00,166000000.00,17544000000.00,,66000000.00,,,741000000.00,,,105031000000.00,16300000000.00,32289000000.00,4026000000.00,27291000000.00,40000000.00,2253000000.00,10000000.00,2857000000.00,10966000000.00,12952000000.00,2370000000.00,1430000000.00,3730000000.00,1389000000.00,,,,9114000000.00,79000000.00,14000000.00,,,9179000000.00,2220000000.00,,,6959000000.00,6848000000.00,,111000000.00,,,.7600,.7600,4215000000.00,,,11174000000.00,10998000000.00,176000000.00,,
26662,601601,XSHG,2018-04-28,2018-03-31,2018-03-31,Q1,3,1,124438000000.00,111985000000.00,121831000000.00,1092000000.00,4830000000.00,5016000000.00,-795000000.00,12742000000.00,94000000.00,-144000000.00,,,650000000.00,,,118230000000.00,2700000000.00,25356000000.00,2011000000.00,64404000000.00,1648000000.00,2826000000.00,17000000.00,252000000.00,17227000000.00,8023000000.00,1439000000.00,1635000000.00,223000000.00,665000000.00,,,,6208000000.00,14000000.00,14000000.00,,,6208000000.00,2376000000.00,,,3832000000.00,3751000000.00,,81000000.00,,,.4100,.4100,351000000.00,,,4183000000.00,4096000000.00,87000000.00,,
26662,601601,XSHG,2018-04-28,2018-03-31,2017-03-31,Q1,3,1,108402000000.00,94694000000.00,101283000000.00,11000000.00,3982000000.00,2607000000.00,541000000.00,12573000000.00,-5000000.00,-14000000.00,,,608000000.00,,,105552000000.00,3226000000.00,25858000000.00,1712000000.00,48735000000.00,60000000.00,1940000000.00,2000000.00,224000000.00,17293000000.00,8897000000.00,1446000000.00,1440000000.00,366000000.00,789000000.00,,,,2850000000.00,5000000.00,11000000.00,,,2844000000.00,804000000.00,,,2040000000.00,2000000000.00,,40000000.00,,,.2200,.2200,-1033000000.00,,,1007000000.00,985000000.00,22000000.00,,
26662,601601,XSHG,2017-10-28,2017-09-30,2016-09-30,Q3,9,1,213273000000.00,177599000000.00,189101000000.00,109000000.00,10517000000.00,985000000.00,-243000000.00,34149000000.00,26000000.00,32000000.00,,,1736000000.00,,,200452000000.00,10568000000.00,67428000000.00,5251000000.00,67519000000.00,1276000000.00,5366000000.00,26000000.00,2444000000.00,27613000000.00,23702000000.00,3440000000.00,3387000000.00,597000000.00,1769000000.00,,,,12821000000.00,100000000.00,50000000.00,,,12871000000.00,3879000000.00,,,8992000000.00,8829000000.00,,163000000.00,,,.9700,.9700,-2138000000.00,,,6854000000.00,6751000000.00,103000000.00,,
26662,601601,XSHG,2016-08-29,2016-06-30,2015-06-30,S1,6,1,134514000000.00,102062000000.00,110891000000.00,131000000.00,7345000000.00,1484000000.00,278000000.00,31230000000.00,18000000.00,-3000000.00,,,947000000.00,,,118945000000.00,17137000000.00,40849000000.00,3562000000.00,28808000000.00,-79000000.00,3296000000.00,14000000.00,3484000000.00,13289000000.00,13473000000.00,1803000000.00,2284000000.00,137000000.00,1460000000.00,,,,15569000000.00,31000000.00,19000000.00,,,15581000000.00,4094000000.00,,,11487000000.00,11295000000.00,,192000000.00,,,1.2500,1.2500,4799000000.00,,,16286000000.00,16000000000.00,286000000.00,,
26662,601601,XSHG,2014-10-25,2014-09-30,2013-09-30,Q3,9,1,149628000000.00,125149000000.00,138450000000.00,107000000.00,9391000000.00,3910000000.00,42000000.00,23674000000.00,,-221000000.00,,,984000000.00,,,139245000000.00,14895000000.00,41570000000.00,4698000000.00,49043000000.00,489000000.00,2897000000.00,24000000.00,3616000000.00,12920000000.00,17996000000.00,3133000000.00,1885000000.00,692000000.00,2027000000.00,,,,10383000000.00,82000000.00,29000000.00,,,10436000000.00,2234000000.00,,,8202000000.00,8081000000.00,,121000000.00,,,.8900,.8900,-251000000.00,,,7951000000.00,7831000000.00,120000000.00,,
26662,601601,XSHG,2010-10-30,2010-09-30,2009-09-30,Q3,9,1,78147000000.00,62822000000.00,73840000000.00,49000000.00,7776000000.00,3242000000.00,125000000.00,14678000000.00,-1000000.00,-3000000.00,,,525000000.00,,,71635000000.00,3361000000.00,22975000000.00,3067000000.00,30074000000.00,810000000.00,1458000000.00,11000000.00,1834000000.00,6964000000.00,9351000000.00,2699000000.00,1721000000.00,155000000.00,307000000.00,,,,6512000000.00,56000000.00,80000000.00,,,6488000000.00,1511000000.00,,,4977000000.00,4900000000.00,,77000000.00,,,.6400,,-439000000.00,,,4538000000.00,4463000000.00,75000000.00,,
26662,601601,XSHG,2017-03-30,2016-12-31,2015-12-31,A,12,1,247202000000.00,189376000000.00,203305000000.00,185000000.00,13405000000.00,524000000.00,52000000.00,55552000000.00,35000000.00,109000000.00,,,2113000000.00,,,223022000000.00,25217000000.00,84183000000.00,7640000000.00,52167000000.00,1080000000.00,7054000000.00,30000000.00,6576000000.00,24969000000.00,29018000000.00,3902000000.00,3425000000.00,320000000.00,2685000000.00,,,,24180000000.00,187000000.00,56000000.00,,,24311000000.00,6273000000.00,,,18038000000.00,17728000000.00,,310000000.00,,,1.9600,1.9600,3066000000.00,,,21104000000.00,20736000000.00,368000000.00,,
26662,601601,XSHG,2018-03-30,2017-12-31,2016-12-31,A,12,1,267037000000.00,219573000000.00,234018000000.00,159000000.00,13649000000.00,796000000.00,-768000000.00,45630000000.00,18000000.00,117000000.00,23000000.00,,2462000000.00,,,250942000000.00,13538000000.00,91238000000.00,7409000000.00,72368000000.00,1676000000.00,7735000000.00,40000000.00,2938000000.00,35166000000.00,33719000000.00,4308000000.00,4023000000.00,1141000000.00,2429000000.00,,,,16095000000.00,143000000.00,153000000.00,,,16085000000.00,3801000000.00,,,12284000000.00,12057000000.00,,227000000.00,,,1.3300,1.3300,-4674000000.00,,,7610000000.00,7490000000.00,120000000.00,,
26662,601601,XSHG,2017-10-28,2017-09-30,2017-09-30,Q3,9,1,258957000000.00,218360000000.00,233572000000.00,2248000000.00,12200000000.00,3012000000.00,1284000000.00,37408000000.00,36000000.00,-102000000.00,,,1988000000.00,19000000.00,,243273000000.00,7989000000.00,70845000000.00,5369000000.00,95914000000.00,1397000000.00,6639000000.00,260000000.00,712000000.00,37943000000.00,25837000000.00,4530000000.00,5139000000.00,559000000.00,2732000000.00,,,,15684000000.00,235000000.00,67000000.00,,,15852000000.00,4700000000.00,,,11152000000.00,10926000000.00,,226000000.00,,,1.2100,1.2100,-598000000.00,,,10554000000.00,10330000000.00,224000000.00,,
26662,601601,XSHG,2016-10-29,2016-09-30,2015-09-30,Q3,9,1,193301000000.00,149307000000.00,160418000000.00,168000000.00,10413000000.00,698000000.00,-1343000000.00,43830000000.00,8000000.00,76000000.00,,,1431000000.00,,,172576000000.00,21270000000.00,61667000000.00,5442000000.00,42504000000.00,706000000.00,5111000000.00,22000000.00,4994000000.00,19593000000.00,20562000000.00,2551000000.00,3064000000.00,434000000.00,2054000000.00,,,,20725000000.00,113000000.00,35000000.00,,,20803000000.00,5511000000.00,,,15292000000.00,15036000000.00,,256000000.00,,,1.6600,1.6600,-624000000.00,,,14668000000.00,14414000000.00,254000000.00,,
26662,601601,XSHG,2017-04-29,2017-03-31,2016-03-31,Q1,3,1,83443000000.00,72360000000.00,78217000000.00,28000000.00,4073000000.00,1784000000.00,-609000000.00,11169000000.00,9000000.00,-26000000.00,,,549000000.00,,,80252000000.00,4666000000.00,24512000000.00,1792000000.00,29870000000.00,34000000.00,1673000000.00,67000000.00,1566000000.00,10741000000.00,7890000000.00,1393000000.00,1646000000.00,204000000.00,636000000.00,,,,3191000000.00,31000000.00,18000000.00,,,3204000000.00,955000000.00,,,2249000000.00,2199000000.00,,50000000.00,,,.2400,.2400,-3198000000.00,,,-949000000.00,-925000000.00,-24000000.00,,
26662,601601,XSHG,2011-08-29,2011-06-30,2010-06-30,S1,6,1,72631000000.00,63187000000.00,76066000000.00,38000000.00,7500000000.00,5379000000.00,1000000.00,9108000000.00,-22000000.00,-99000000.00,,,434000000.00,,,67551000000.00,2064000000.00,16347000000.00,1945000000.00,35984000000.00,1284000000.00,1426000000.00,9000000.00,1573000000.00,5808000000.00,8056000000.00,2070000000.00,1313000000.00,65000000.00,205000000.00,,,,5080000000.00,26000000.00,69000000.00,,,5037000000.00,967000000.00,,,4070000000.00,4019000000.00,,51000000.00,,,.4700,.4700,-4775000000.00,,,-705000000.00,-670000000.00,-35000000.00,,
26662,601601,XSHG,2011-04-29,2011-03-31,2010-03-31,Q1,3,1,40397000000.00,34886000000.00,42357000000.00,12000000.00,4121000000.00,3350000000.00,7000000.00,5322000000.00,-44000000.00,-29000000.00,,,211000000.00,,,36816000000.00,1003000000.00,8145000000.00,1030000000.00,21427000000.00,831000000.00,450000000.00,3000000.00,819000000.00,3102000000.00,3989000000.00,1134000000.00,726000000.00,48000000.00,99000000.00,,,,3581000000.00,23000000.00,11000000.00,,,3593000000.00,738000000.00,,,2855000000.00,2813000000.00,,42000000.00,,,.3300,.3300,-1297000000.00,,,1558000000.00,1540000000.00,18000000.00,,
26662,601601,XSHG,2015-10-31,2015-09-30,2014-09-30,Q3,9,1,165666000000.00,135202000000.00,151486000000.00,116000000.00,10528000000.00,5756000000.00,672000000.00,28538000000.00,,76000000.00,,,1178000000.00,,,153823000000.00,23402000000.00,48968000000.00,6024000000.00,40502000000.00,1103000000.00,3584000000.00,20000000.00,4175000000.00,15581000000.00,19664000000.00,3213000000.00,2125000000.00,3865000000.00,2277000000.00,,,,11843000000.00,105000000.00,25000000.00,,,11923000000.00,2814000000.00,,,9109000000.00,8960000000.00,,149000000.00,,,.9900,.9900,7235000000.00,,,16344000000.00,16078000000.00,266000000.00,,
26662,601601,XSHG,2015-04-30,2015-03-31,2014-03-31,Q1,3,1,63720000000.00,55456000000.00,61888000000.00,25000000.00,3822000000.00,2610000000.00,-103000000.00,7911000000.00,,63000000.00,,,393000000.00,,,59295000000.00,7096000000.00,16202000000.00,2044000000.00,20752000000.00,140000000.00,997000000.00,5000000.00,1408000000.00,6171000000.00,6216000000.00,1088000000.00,735000000.00,2410000000.00,575000000.00,,,,4425000000.00,19000000.00,6000000.00,,,4438000000.00,1176000000.00,,,3262000000.00,3211000000.00,,51000000.00,,,.3500,.3500,1083000000.00,,,4345000000.00,4277000000.00,68000000.00,,
26662,601601,XSHG,2013-04-25,2013-03-31,2012-03-31,Q1,3,1,49490000000.00,44570000000.00,49389000000.00,53000000.00,3399000000.00,1420000000.00,28000000.00,4627000000.00,,-1000000.00,,,266000000.00,,,48598000000.00,3202000000.00,11048000000.00,1624000000.00,23229000000.00,262000000.00,1028000000.00,10000000.00,1020000000.00,4539000000.00,5113000000.00,1007000000.00,420000000.00,1373000000.00,509000000.00,,,,892000000.00,9000000.00,14000000.00,,,887000000.00,233000000.00,,,654000000.00,652000000.00,,2000000.00,,,.0800,.0800,3393000000.00,,,4047000000.00,3988000000.00,59000000.00,,
26662,601601,XSHG,2016-04-30,2016-03-31,2015-03-31,Q1,3,1,73762000000.00,57427000000.00,62342000000.00,71000000.00,3930000000.00,985000000.00,733000000.00,15173000000.00,12000000.00,11000000.00,,,418000000.00,,,66743000000.00,12013000000.00,21162000000.00,1879000000.00,16891000000.00,-211000000.00,1142000000.00,4000000.00,1743000000.00,7541000000.00,6659000000.00,854000000.00,1240000000.00,102000000.00,768000000.00,,,,7019000000.00,13000000.00,7000000.00,,,7025000000.00,2039000000.00,,,4986000000.00,4903000000.00,,83000000.00,,,.5400,.5400,1757000000.00,,,6743000000.00,6624000000.00,119000000.00,,
26662,601601,XSHG,2012-03-26,2011-12-31,2010-12-31,A,12,1,141662000000.00,119751000000.00,139555000000.00,98000000.00,13422000000.00,6382000000.00,193000000.00,21067000000.00,-12000000.00,-200000000.00,,,851000000.00,,,130972000000.00,4489000000.00,34523000000.00,4597000000.00,64707000000.00,2034000000.00,3399000000.00,21000000.00,3193000000.00,11198000000.00,16989000000.00,4425000000.00,2447000000.00,689000000.00,373000000.00,,,,10690000000.00,68000000.00,88000000.00,,,10670000000.00,2005000000.00,,,8665000000.00,8557000000.00,,108000000.00,,,1.0000,1.0000,-3193000000.00,,,5472000000.00,5417000000.00,55000000.00,,
26662,601601,XSHG,2011-10-19,2011-09-30,2010-09-30,Q3,9,1,105157000000.00,91564000000.00,108098000000.00,66000000.00,10525000000.00,6009000000.00,245000000.00,12861000000.00,-24000000.00,-139000000.00,,,626000000.00,,,99109000000.00,3254000000.00,24597000000.00,3128000000.00,51879000000.00,2194000000.00,2390000000.00,15000000.00,2274000000.00,8494000000.00,12070000000.00,3209000000.00,1822000000.00,565000000.00,280000000.00,,,,6048000000.00,46000000.00,76000000.00,,,6018000000.00,1060000000.00,,,4958000000.00,4905000000.00,,53000000.00,,,.5700,.5700,-1199000000.00,,,3759000000.00,3727000000.00,32000000.00,,
26662,601601,XSHG,2017-08-28,2017-06-30,2016-06-30,S1,6,1,144706000000.00,122117000000.00,131537000000.00,67000000.00,7486000000.00,1934000000.00,-582000000.00,21970000000.00,17000000.00,48000000.00,,,1153000000.00,,,135804000000.00,7731000000.00,45781000000.00,3519000000.00,44590000000.00,554000000.00,3671000000.00,17000000.00,2238000000.00,18882000000.00,15908000000.00,2492000000.00,2089000000.00,294000000.00,1168000000.00,,,,8902000000.00,55000000.00,35000000.00,,,8922000000.00,2662000000.00,,,6260000000.00,6142000000.00,,118000000.00,,,.6800,.6800,-3542000000.00,,,2718000000.00,2683000000.00,35000000.00,,
26662,601601,XSHG,2014-08-25,2014-06-30,2013-06-30,S1,6,1,104068000000.00,87745000000.00,98662000000.00,50000000.00,6864000000.00,4053000000.00,-72000000.00,15908000000.00,,-190000000.00,,,677000000.00,,,97180000000.00,9693000000.00,27630000000.00,3104000000.00,36639000000.00,173000000.00,1812000000.00,11000000.00,2482000000.00,9172000000.00,12026000000.00,2328000000.00,1421000000.00,628000000.00,1271000000.00,,,,6888000000.00,60000000.00,20000000.00,,,6928000000.00,1382000000.00,,,5546000000.00,5464000000.00,,82000000.00,,,.6000,.6000,-2198000000.00,,,3348000000.00,3301000000.00,47000000.00,,
26662,601601,XSHG,2013-03-25,2012-12-31,2011-12-31,A,12,1,157934000000.00,137238000000.00,154958000000.00,101000000.00,13384000000.00,4336000000.00,-383000000.00,20075000000.00,16000000.00,-71000000.00,,,1075000000.00,,,148292000000.00,9588000000.00,41452000000.00,5921000000.00,61795000000.00,1333000000.00,3807000000.00,24000000.00,3650000000.00,13226000000.00,20056000000.00,4730000000.00,2980000000.00,2850000000.00,848000000.00,,,,9642000000.00,812000000.00,55000000.00,,,10399000000.00,2006000000.00,,,8393000000.00,8313000000.00,,80000000.00,,,.9700,.9700,-8951000000.00,,,-558000000.00,-490000000.00,-68000000.00,,
26662,601601,XSHG,2012-08-20,2012-06-30,2011-06-30,S1,6,1,87238000000.00,75122000000.00,86875000000.00,63000000.00,7306000000.00,4447000000.00,-87000000.00,11773000000.00,16000000.00,-40000000.00,,,470000000.00,,,79717000000.00,3898000000.00,19571000000.00,2607000000.00,38760000000.00,709000000.00,1743000000.00,13000000.00,1928000000.00,7202000000.00,9178000000.00,2234000000.00,1495000000.00,1168000000.00,311000000.00,,,,7521000000.00,26000000.00,28000000.00,,,7519000000.00,1636000000.00,,,5883000000.00,5816000000.00,,67000000.00,,,.6800,.6800,-3351000000.00,,,2532000000.00,2523000000.00,9000000.00,,
26662,601601,XSHG,2012-10-29,2012-09-30,2011-09-30,Q3,9,1,122374000000.00,106474000000.00,121378000000.00,77000000.00,10340000000.00,4564000000.00,-528000000.00,15811000000.00,16000000.00,-59000000.00,,,676000000.00,,,114257000000.00,7060000000.00,29284000000.00,4168000000.00,52360000000.00,1199000000.00,2796000000.00,16000000.00,2779000000.00,10339000000.00,13977000000.00,3341000000.00,1807000000.00,1976000000.00,571000000.00,,,,8117000000.00,705000000.00,36000000.00,,,8786000000.00,1704000000.00,,,7082000000.00,7018000000.00,,64000000.00,,,.8200,.8200,-9810000000.00,,,-2728000000.00,-2628000000.00,-100000000.00,,
26662,601601,XSHG,2013-10-31,2013-09-30,2012-09-30,Q3,9,1,132062000000.00,114565000000.00,127047000000.00,128000000.00,9188000000.00,3294000000.00,66000000.00,16606000000.00,,6000000.00,,,819000000.00,,,128121000000.00,9301000000.00,35834000000.00,4977000000.00,49825000000.00,232000000.00,2855000000.00,26000000.00,3068000000.00,11469000000.00,16238000000.00,2909000000.00,1815000000.00,4175000000.00,1633000000.00,,,,3941000000.00,67000000.00,45000000.00,,,3963000000.00,799000000.00,,,3164000000.00,3135000000.00,,29000000.00,,,.3600,.3600,4561000000.00,,,7725000000.00,7621000000.00,104000000.00,,
26662,601601,XSHG,2017-08-28,2017-06-30,2017-06-30,S1,6,1,177556000000.00,151556000000.00,163785000000.00,538000000.00,8456000000.00,3773000000.00,767000000.00,23959000000.00,-2000000.00,-71000000.00,,,1332000000.00,13000000.00,,167956000000.00,5557000000.00,48285000000.00,3429000000.00,65680000000.00,470000000.00,4282000000.00,279000000.00,484000000.00,28226000000.00,17622000000.00,3276000000.00,2524000000.00,471000000.00,1721000000.00,,,,9600000000.00,26000000.00,28000000.00,,,9598000000.00,2953000000.00,,,6645000000.00,6509000000.00,,136000000.00,,,.7200,.7200,-426000000.00,,,6219000000.00,6093000000.00,126000000.00,,
26662,601601,XSHG,2012-04-28,2012-03-31,2011-03-31,Q1,3,1,47657000000.00,42054000000.00,48150000000.00,20000000.00,3777000000.00,2319000000.00,-37000000.00,5472000000.00,3000000.00,-26000000.00,,,194000000.00,,,43395000000.00,1634000000.00,9536000000.00,1319000000.00,23874000000.00,307000000.00,844000000.00,5000000.00,931000000.00,3723000000.00,4352000000.00,1048000000.00,917000000.00,121000000.00,132000000.00,,,,4262000000.00,5000000.00,7000000.00,,,4260000000.00,763000000.00,,,3497000000.00,3449000000.00,,48000000.00,,,.4000,.4000,-946000000.00,,,2551000000.00,2521000000.00,30000000.00,,
26662,601601,XSHG,2013-08-26,2013-06-30,2012-06-30,S1,6,1,92295000000.00,80903000000.00,90511000000.00,72000000.00,6625000000.00,2983000000.00,77000000.00,10774000000.00,,2000000.00,,,539000000.00,,,88834000000.00,6175000000.00,23143000000.00,3296000000.00,37377000000.00,40000000.00,1783000000.00,16000000.00,2074000000.00,8110000000.00,10646000000.00,2011000000.00,1209000000.00,2576000000.00,1072000000.00,,,,3461000000.00,51000000.00,31000000.00,,,3481000000.00,813000000.00,,,2668000000.00,2638000000.00,,30000000.00,,,.3100,.3100,5415000000.00,,,8083000000.00,7962000000.00,121000000.00,,
26662,601601,XSHG,2011-03-28,2010-12-31,2009-12-31,A,12,1,104313000000.00,84127000000.00,96342000000.00,67000000.00,9791000000.00,2424000000.00,140000000.00,19389000000.00,85000000.00,-14000000.00,,,671000000.00,,,94772000000.00,4386000000.00,30494000000.00,4048000000.00,39225000000.00,1083000000.00,2053000000.00,15000000.00,2256000000.00,8820000000.00,13237000000.00,3347000000.00,2204000000.00,164000000.00,396000000.00,,,,9541000000.00,75000000.00,110000000.00,,,9506000000.00,2033000000.00,,,7473000000.00,7356000000.00,,117000000.00,,,.9500,.9500,2333000000.00,,,9806000000.00,9645000000.00,161000000.00,,
26662,601601,XSHG,2014-03-31,2013-12-31,2012-12-31,A,12,1,171451000000.00,147839000000.00,163228000000.00,148000000.00,11795000000.00,3594000000.00,99000000.00,22374000000.00,,-11000000.00,,,1150000000.00,,,165407000000.00,12318000000.00,49633000000.00,6700000000.00,60169000000.00,508000000.00,3905000000.00,30000000.00,4138000000.00,14799000000.00,22166000000.00,4087000000.00,2778000000.00,4478000000.00,2288000000.00,,,,6044000000.00,108000000.00,39000000.00,,,6113000000.00,983000000.00,,,5130000000.00,5077000000.00,,53000000.00,,,.5900,.5900,9168000000.00,,,14298000000.00,14094000000.00,204000000.00,,
26662,601601,XSHG,2014-04-25,2014-03-31,2013-03-31,Q1,3,1,53165000000.00,45865000000.00,51421000000.00,30000000.00,3523000000.00,2033000000.00,47000000.00,7013000000.00,,-39000000.00,,,279000000.00,,,50065000000.00,5172000000.00,13191000000.00,1632000000.00,19963000000.00,-6000000.00,968000000.00,6000000.00,1216000000.00,4949000000.00,5948000000.00,1152000000.00,538000000.00,259000000.00,633000000.00,,,,3100000000.00,19000000.00,5000000.00,,,3114000000.00,856000000.00,,,2258000000.00,2225000000.00,,33000000.00,,,.2500,.2500,1101000000.00,,,3359000000.00,3305000000.00,54000000.00,,
26662,601601,XSHG,2010-08-30,2010-06-30,2009-06-30,S1,6,1,51718000000.00,42356000000.00,50651000000.00,34000000.00,5538000000.00,2757000000.00,127000000.00,8861000000.00,-18000000.00,-3000000.00,,,377000000.00,,,48595000000.00,2093000000.00,15687000000.00,2113000000.00,20810000000.00,393000000.00,912000000.00,8000000.00,1171000000.00,4682000000.00,6161000000.00,1914000000.00,1202000000.00,151000000.00,138000000.00,,,,3123000000.00,35000000.00,56000000.00,,,3102000000.00,655000000.00,,,2447000000.00,2410000000.00,,37000000.00,,,.3100,,3020000000.00,,,5467000000.00,5377000000.00,90000000.00,,
26662,601601,XSHG,2010-04-30,2010-03-31,2009-03-31,Q1,3,1,26061000000.00,22470000000.00,26772000000.00,16000000.00,2766000000.00,1536000000.00,132000000.00,3236000000.00,-39000000.00,-1000000.00,,,224000000.00,,,24741000000.00,1096000000.00,8091000000.00,1057000000.00,10303000000.00,352000000.00,434000000.00,5000000.00,576000000.00,2478000000.00,3173000000.00,932000000.00,712000000.00,151000000.00,63000000.00,,,,1320000000.00,18000000.00,3000000.00,,,1335000000.00,357000000.00,,,978000000.00,963000000.00,,15000000.00,,,.1300,,1782000000.00,,,2760000000.00,2714000000.00,46000000.00,,
2224,601628,XSHG,2010-08-26,2010-06-30,2009-06-30,S1,6,1,198469000000.00,161993000000.00,162460000000.00,1000000.00,64000000.00,403000000.00,1523000000.00,33824000000.00,467000000.00,-12000000.00,,,1141000000.00,,,176852000000.00,13309000000.00,39297000000.00,47000000.00,91186000000.00,5000000.00,7996000000.00,,588000000.00,12289000000.00,8431000000.00,-35000000.00,1488000000.00,2285000000.00,,,,,21617000000.00,13000000.00,45000000.00,,,21585000000.00,4728000000.00,,,16857000000.00,16795000000.00,,62000000.00,,,.5900,.5900,9543000000.00,,,26400000000.00,26331000000.00,69000000.00,,
2224,601628,XSHG,2011-10-28,2011-09-30,2010-09-30,Q3,9,1,305567000000.00,256133000000.00,256866000000.00,,120000000.00,613000000.00,133000000.00,47403000000.00,1419000000.00,-189000000.00,,,2087000000.00,,,275449000000.00,19220000000.00,40391000000.00,68000000.00,169039000000.00,23000000.00,9152000000.00,,1018000000.00,20236000000.00,12914000000.00,29000000.00,2642000000.00,957000000.00,,,,,30118000000.00,40000000.00,36000000.00,,,30122000000.00,5036000000.00,,,25086000000.00,24945000000.00,,141000000.00,,,.8800,.8800,-9642000000.00,,,15444000000.00,15311000000.00,133000000.00,,
2224,601628,XSHG,2010-10-29,2010-09-30,2009-09-30,Q3,9,1,273404000000.00,220980000000.00,222626000000.00,1000000.00,101000000.00,1545000000.00,1184000000.00,49489000000.00,735000000.00,-27000000.00,,,1778000000.00,,,243418000000.00,18774000000.00,50287000000.00,74000000.00,127917000000.00,,10975000000.00,,950000000.00,17501000000.00,12475000000.00,-29000000.00,2235000000.00,2349000000.00,,,,,29986000000.00,35000000.00,148000000.00,,,29873000000.00,6271000000.00,,,23602000000.00,23476000000.00,,126000000.00,,,.8300,.8300,-200000000.00,,,23402000000.00,23274000000.00,128000000.00,,
2224,601628,XSHG,2010-04-29,2010-03-31,2009-03-31,Q1,3,1,109477000000.00,96373000000.00,97213000000.00,1000000.00,30000000.00,810000000.00,841000000.00,11711000000.00,248000000.00,2000000.00,,,550000000.00,,,101994000000.00,6926000000.00,23893000000.00,17000000.00,56020000000.00,-3000000.00,2096000000.00,,188000000.00,6227000000.00,3767000000.00,6000000.00,660000000.00,2237000000.00,,,,,7483000000.00,48000000.00,31000000.00,,,7500000000.00,1345000000.00,,,6155000000.00,6131000000.00,,24000000.00,,,.2200,.2200,5608000000.00,,,11763000000.00,11729000000.00,34000000.00,,
2224,601628,XSHG,2014-04-26,2014-03-31,2013-03-31,Q1,3,1,138250000000.00,110068000000.00,111912000000.00,2000000.00,177000000.00,1667000000.00,1295000000.00,26094000000.00,606000000.00,-37000000.00,,,830000000.00,,,125448000000.00,20088000000.00,43862000000.00,45000000.00,39763000000.00,2000000.00,6368000000.00,,331000000.00,6954000000.00,5409000000.00,56000000.00,1929000000.00,847000000.00,,,,,12802000000.00,12000000.00,20000000.00,,,12794000000.00,2650000000.00,,,10144000000.00,10077000000.00,,67000000.00,,,.3600,.3600,715000000.00,,,10859000000.00,10792000000.00,67000000.00,,
2224,601628,XSHG,2017-08-25,2017-06-30,2017-06-30,S1,6,1,401424000000.00,336270000000.00,345967000000.00,1000000.00,1762000000.00,7935000000.00,3713000000.00,58271000000.00,3665000000.00,-42000000.00,,,3212000000.00,,,385449000000.00,73019000000.00,123896000000.00,589000000.00,119355000000.00,343000000.00,8076000000.00,,370000000.00,36814000000.00,14449000000.00,308000000.00,9023000000.00,1687000000.00,,,,,15975000000.00,51000000.00,97000000.00,,,15929000000.00,3437000000.00,,,12492000000.00,12242000000.00,,250000000.00,,,.4300,.4300,-388000000.00,,,12104000000.00,11867000000.00,237000000.00,,
2224,601628,XSHG,2017-08-25,2017-06-30,2016-06-30,S1,6,1,340664000000.00,284242000000.00,292461000000.00,1000000.00,730000000.00,7489000000.00,-2330000000.00,55704000000.00,1606000000.00,404000000.00,,,2644000000.00,,,327331000000.00,55088000000.00,113654000000.00,405000000.00,101497000000.00,194000000.00,5668000000.00,,772000000.00,30056000000.00,13557000000.00,58000000.00,6725000000.00,971000000.00,,,,,13333000000.00,52000000.00,157000000.00,,,13228000000.00,2581000000.00,,,10647000000.00,10395000000.00,,252000000.00,,,.3600,.3600,-17897000000.00,,,-7250000000.00,-7488000000.00,238000000.00,,
2224,601628,XSHG,2014-03-26,2013-12-31,2012-12-31,A,12,1,405379000000.00,322126000000.00,322742000000.00,3000000.00,384000000.00,232000000.00,128000000.00,80006000000.00,3037000000.00,-49000000.00,,,3168000000.00,,,394424000000.00,40731000000.00,75075000000.00,118000000.00,184911000000.00,37000000.00,3435000000.00,,1173000000.00,27754000000.00,24042000000.00,150000000.00,6556000000.00,31052000000.00,,,,,10955000000.00,137000000.00,124000000.00,,,10968000000.00,-304000000.00,,,11272000000.00,11061000000.00,,211000000.00,,,.3900,.3900,25007000000.00,,,36279000000.00,36056000000.00,223000000.00,,
2224,601628,XSHG,2011-03-23,2010-12-31,2009-12-31,A,12,1,342026000000.00,275077000000.00,275970000000.00,2000000.00,158000000.00,735000000.00,1636000000.00,62807000000.00,704000000.00,-28000000.00,,,2534000000.00,,,300164000000.00,23320000000.00,59308000000.00,107000000.00,154531000000.00,14000000.00,14487000000.00,,1188000000.00,22936000000.00,19238000000.00,-17000000.00,3093000000.00,2167000000.00,,,,,41862000000.00,96000000.00,213000000.00,,,41745000000.00,8709000000.00,,,33036000000.00,32881000000.00,,155000000.00,,,1.1600,1.1600,10754000000.00,,,43790000000.00,43626000000.00,164000000.00,,
2224,601628,XSHG,2016-04-29,2016-03-31,2015-03-31,Q1,3,1,192620000000.00,150310000000.00,153450000000.00,1000000.00,118000000.00,3022000000.00,2899000000.00,38386000000.00,589000000.00,153000000.00,,,872000000.00,,,176478000000.00,58680000000.00,43768000000.00,98000000.00,41819000000.00,,11792000000.00,,871000000.00,11170000000.00,5804000000.00,11000000.00,2652000000.00,31000000.00,,,,,16142000000.00,12000000.00,63000000.00,,,16091000000.00,3722000000.00,,,12369000000.00,12271000000.00,,98000000.00,,,.4300,.4300,5720000000.00,,,18089000000.00,17982000000.00,107000000.00,,
2224,601628,XSHG,2016-10-28,2016-09-30,2015-09-30,Q3,9,1,424007000000.00,305032000000.00,310460000000.00,1000000.00,687000000.00,4741000000.00,-6511000000.00,121810000000.00,2283000000.00,470000000.00,,,3206000000.00,,,379514000000.00,87407000000.00,103296000000.00,264000000.00,104764000000.00,261000000.00,27141000000.00,,4227000000.00,27381000000.00,18161000000.00,104000000.00,7445000000.00,321000000.00,,,,,44493000000.00,77000000.00,173000000.00,,,44397000000.00,10199000000.00,,,34198000000.00,33837000000.00,,361000000.00,,,1.2000,1.2000,-15624000000.00,,,18574000000.00,18196000000.00,378000000.00,,
2224,601628,XSHG,2012-04-26,2012-03-31,2011-03-31,Q1,3,1,140006000000.00,122024000000.00,122978000000.00,,57000000.00,897000000.00,332000000.00,17171000000.00,483000000.00,-124000000.00,,,603000000.00,,,130501000000.00,8177000000.00,28038000000.00,17000000.00,75026000000.00,-3000000.00,3293000000.00,,326000000.00,8657000000.00,4574000000.00,4000000.00,863000000.00,1565000000.00,,,,,9505000000.00,18000000.00,13000000.00,,,9510000000.00,1488000000.00,,,8022000000.00,7971000000.00,,51000000.00,,,.2800,.2800,-3161000000.00,,,4861000000.00,4820000000.00,41000000.00,,
2224,601628,XSHG,2012-08-29,2012-06-30,2011-06-30,S1,6,1,231894000000.00,194849000000.00,195490000000.00,,124000000.00,517000000.00,201000000.00,35866000000.00,1169000000.00,-283000000.00,,,1261000000.00,,,216978000000.00,17630000000.00,45899000000.00,50000000.00,116930000000.00,3000000.00,5764000000.00,,657000000.00,15343000000.00,9411000000.00,24000000.00,1821000000.00,3600000000.00,,,,,14916000000.00,41000000.00,30000000.00,,,14927000000.00,1853000000.00,,,13074000000.00,12964000000.00,,110000000.00,,,.4600,.4600,-13341000000.00,,,-267000000.00,-353000000.00,86000000.00,,
2224,601628,XSHG,2013-08-29,2013-06-30,2012-06-30,S1,6,1,225260000000.00,184739000000.00,185438000000.00,,151000000.00,548000000.00,-405000000.00,39412000000.00,1521000000.00,46000000.00,,,1468000000.00,,,214232000000.00,18908000000.00,49483000000.00,46000000.00,100068000000.00,-1000000.00,2495000000.00,,630000000.00,14569000000.00,10212000000.00,54000000.00,2846000000.00,15120000000.00,,,,,11028000000.00,27000000.00,43000000.00,,,11012000000.00,1271000000.00,,,9741000000.00,9635000000.00,,106000000.00,,,.3400,.3400,18823000000.00,,,28564000000.00,28444000000.00,120000000.00,,
2224,601628,XSHG,2013-04-26,2013-03-31,2012-03-31,Q1,3,1,131925000000.00,112737000000.00,113752000000.00,,100000000.00,915000000.00,-433000000.00,19016000000.00,539000000.00,-24000000.00,,,629000000.00,,,125054000000.00,9916000000.00,31167000000.00,28000000.00,60489000000.00,-7000000.00,1433000000.00,,339000000.00,7840000000.00,4897000000.00,44000000.00,1352000000.00,7686000000.00,,,,,6871000000.00,15000000.00,14000000.00,,,6872000000.00,1194000000.00,,,5678000000.00,5625000000.00,,53000000.00,,,.2000,.2000,7671000000.00,,,13349000000.00,13295000000.00,54000000.00,,
2224,601628,XSHG,2013-03-28,2012-12-31,2011-12-31,A,12,1,385388000000.00,318276000000.00,318252000000.00,,232000000.00,-256000000.00,165000000.00,64823000000.00,2213000000.00,-547000000.00,,,2671000000.00,,,364842000000.00,36527000000.00,72864000000.00,114000000.00,181464000000.00,24000000.00,6125000000.00,,952000000.00,27434000000.00,22203000000.00,59000000.00,4531000000.00,12939000000.00,,,,,20546000000.00,101000000.00,134000000.00,,,20513000000.00,2022000000.00,,,18491000000.00,18331000000.00,,160000000.00,,,.6500,.6500,-24214000000.00,,,-5723000000.00,-5874000000.00,151000000.00,,
2224,601628,XSHG,2011-08-24,2011-06-30,2010-06-30,S1,6,1,216660000000.00,183589000000.00,183614000000.00,,90000000.00,-65000000.00,-382000000.00,32371000000.00,1070000000.00,-79000000.00,,,1161000000.00,,,195059000000.00,12810000000.00,27945000000.00,54000000.00,122619000000.00,5000000.00,6195000000.00,,723000000.00,13962000000.00,8762000000.00,18000000.00,1800000000.00,320000000.00,,,,,21601000000.00,29000000.00,27000000.00,,,21603000000.00,3488000000.00,,,18115000000.00,18034000000.00,,81000000.00,,,.6400,.6400,-17596000000.00,,,519000000.00,452000000.00,67000000.00,,
2224,601628,XSHG,2012-03-27,2011-12-31,2010-12-31,A,12,1,388791000000.00,318088000000.00,318229000000.00,1000000.00,177000000.00,-36000000.00,168000000.00,68280000000.00,1771000000.00,-392000000.00,,,2647000000.00,,,347780000000.00,25714000000.00,54016000000.00,112000000.00,200033000000.00,19000000.00,13224000000.00,,1574000000.00,27256000000.00,20917000000.00,33000000.00,3476000000.00,1734000000.00,,,,,41011000000.00,110000000.00,113000000.00,,,41008000000.00,7197000000.00,,,33811000000.00,33626000000.00,,185000000.00,,,1.1900,1.1900,-16216000000.00,,,17595000000.00,17423000000.00,172000000.00,,
2224,601628,XSHG,2015-04-29,2015-03-31,2014-03-31,Q1,3,1,154214000000.00,128970000000.00,132178000000.00,2000000.00,120000000.00,3088000000.00,104000000.00,24175000000.00,691000000.00,110000000.00,,,855000000.00,,,145442000000.00,20003000000.00,40482000000.00,57000000.00,64101000000.00,2000000.00,5328000000.00,,417000000.00,7747000000.00,5448000000.00,23000000.00,1952000000.00,46000000.00,,,,,8772000000.00,7000000.00,18000000.00,,,8761000000.00,1461000000.00,,,7300000000.00,7228000000.00,,72000000.00,,,.2600,.2600,-3277000000.00,,,4023000000.00,3954000000.00,69000000.00,,
2224,601628,XSHG,2013-10-26,2013-09-30,2012-09-30,Q3,9,1,320504000000.00,261013000000.00,263056000000.00,,289000000.00,1754000000.00,-1336000000.00,58477000000.00,2161000000.00,61000000.00,,,2289000000.00,,,313087000000.00,29951000000.00,63323000000.00,79000000.00,148136000000.00,49000000.00,1097000000.00,,926000000.00,20699000000.00,15473000000.00,111000000.00,4697000000.00,29024000000.00,,,,,7417000000.00,43000000.00,66000000.00,,,7394000000.00,-196000000.00,,,7590000000.00,7428000000.00,,162000000.00,,,.2600,.2600,19667000000.00,,,27257000000.00,27090000000.00,167000000.00,,
2224,601628,XSHG,2012-10-27,2012-09-30,2011-09-30,Q3,9,1,314826000000.00,262768000000.00,264217000000.00,,187000000.00,1262000000.00,-286000000.00,50899000000.00,1625000000.00,-443000000.00,,,1888000000.00,,,295477000000.00,27649000000.00,60922000000.00,69000000.00,155550000000.00,7000000.00,6428000000.00,,913000000.00,21069000000.00,13979000000.00,44000000.00,3091000000.00,5996000000.00,,,,,19349000000.00,48000000.00,60000000.00,,,19337000000.00,2462000000.00,,,16875000000.00,16717000000.00,,158000000.00,,,.5900,.5900,-38072000000.00,,,-21197000000.00,-21313000000.00,116000000.00,,
2224,601628,XSHG,2011-04-26,2011-03-31,2010-03-31,Q1,3,1,128733000000.00,109990000000.00,110299000000.00,,28000000.00,281000000.00,-340000000.00,18339000000.00,400000000.00,16000000.00,,,728000000.00,,,116359000000.00,6090000000.00,14921000000.00,18000000.00,77868000000.00,-13000000.00,4065000000.00,,1059000000.00,7491000000.00,4141000000.00,5000000.00,721000000.00,13000000.00,,,,,12374000000.00,10000000.00,9000000.00,,,12375000000.00,2123000000.00,,,10252000000.00,10214000000.00,,38000000.00,,,.3600,.3600,-3862000000.00,,,6390000000.00,6352000000.00,38000000.00,,
2224,601628,XSHG,2015-03-25,2014-12-31,2013-12-31,A,12,1,423613000000.00,324813000000.00,326290000000.00,7000000.00,556000000.00,921000000.00,-237000000.00,95911000000.00,3125000000.00,-437000000.00,,,3563000000.00,,,394710000000.00,64863000000.00,138710000000.00,207000000.00,109016000000.00,94000000.00,18423000000.00,,1305000000.00,25690000000.00,25602000000.00,160000000.00,7748000000.00,3814000000.00,,,,,28903000000.00,761000000.00,213000000.00,,,29451000000.00,4443000000.00,,,25008000000.00,24765000000.00,,243000000.00,,,.8800,.8800,-21575000000.00,,,3433000000.00,3203000000.00,230000000.00,,
2224,601628,XSHG,2018-04-27,2018-03-31,2018-03-31,Q1,3,1,264892000000.00,235657000000.00,243420000000.00,3000000.00,991000000.00,6772000000.00,-735000000.00,28173000000.00,1417000000.00,100000000.00,-1000000.00,1000000.00,1697000000.00,,,246924000000.00,88145000000.00,57819000000.00,452000000.00,64879000000.00,183000000.00,5151000000.00,,135000000.00,18635000000.00,7429000000.00,59000000.00,4916000000.00,509000000.00,,,,,17968000000.00,6000000.00,101000000.00,,,17873000000.00,4214000000.00,,,13659000000.00,13518000000.00,,141000000.00,,,.4800,.4800,842000000.00,,,14501000000.00,14376000000.00,125000000.00,,
2224,601628,XSHG,2018-04-27,2018-03-31,2017-03-31,Q1,3,1,271734000000.00,240152000000.00,246208000000.00,1000000.00,674000000.00,5382000000.00,1926000000.00,28217000000.00,1443000000.00,45000000.00,,6000000.00,1388000000.00,,,264172000000.00,57548000000.00,81446000000.00,266000000.00,87763000000.00,101000000.00,3950000000.00,,137000000.00,21763000000.00,6782000000.00,83000000.00,4420000000.00,813000000.00,,,,,7562000000.00,23000000.00,40000000.00,,,7545000000.00,1262000000.00,,,6283000000.00,6149000000.00,,134000000.00,,,.2100,.2100,-659000000.00,,,5624000000.00,5502000000.00,122000000.00,,
2224,601628,XSHG,2016-03-24,2015-12-31,2014-12-31,A,12,1,445773000000.00,330105000000.00,331010000000.00,7000000.00,515000000.00,390000000.00,3743000000.00,107793000000.00,3911000000.00,268000000.00,,,3864000000.00,,,405520000000.00,97685000000.00,109371000000.00,327000000.00,108606000000.00,41000000.00,24866000000.00,,1924000000.00,27147000000.00,26212000000.00,79000000.00,9004000000.00,1152000000.00,,,,,40253000000.00,321000000.00,172000000.00,,,40402000000.00,7888000000.00,,,32514000000.00,32211000000.00,,303000000.00,,,1.1400,1.1400,39284000000.00,,,71798000000.00,71443000000.00,355000000.00,,
2224,601628,XSHG,2015-10-29,2015-09-30,2014-09-30,Q3,9,1,347812000000.00,267458000000.00,271358000000.00,5000000.00,410000000.00,3490000000.00,1006000000.00,76442000000.00,2907000000.00,219000000.00,,,2687000000.00,,,313247000000.00,82645000000.00,88614000000.00,242000000.00,80351000000.00,15000000.00,15591000000.00,,1174000000.00,20612000000.00,16858000000.00,70000000.00,6594000000.00,1135000000.00,,,,,34565000000.00,38000000.00,121000000.00,,,34482000000.00,6702000000.00,,,27780000000.00,27553000000.00,,227000000.00,,,.9700,.9700,18528000000.00,,,46308000000.00,46046000000.00,262000000.00,,
2224,601628,XSHG,2017-03-24,2016-12-31,2015-12-31,A,12,1,511367000000.00,362301000000.00,363971000000.00,2000000.00,978000000.00,692000000.00,-2150000000.00,145543000000.00,2984000000.00,812000000.00,,,4861000000.00,,,465354000000.00,106672000000.00,134491000000.00,394000000.00,111799000000.00,349000000.00,33491000000.00,,4681000000.00,35569000000.00,28323000000.00,122000000.00,9835000000.00,1358000000.00,,,,,46013000000.00,199000000.00,281000000.00,,,45931000000.00,10744000000.00,,,35187000000.00,34699000000.00,,488000000.00,,,1.2200,1.2200,7137000000.00,,,42324000000.00,41775000000.00,549000000.00,,
2224,601628,XSHG,2017-04-28,2017-03-31,2016-03-31,Q1,3,1,219981000000.00,196430000000.00,201648000000.00,,255000000.00,4963000000.00,-2725000000.00,25108000000.00,564000000.00,51000000.00,,,1117000000.00,,,213880000000.00,45548000000.00,68397000000.00,217000000.00,69721000000.00,18000000.00,1583000000.00,,495000000.00,18004000000.00,6330000000.00,22000000.00,3692000000.00,367000000.00,,,,,6101000000.00,18000000.00,61000000.00,,,6058000000.00,694000000.00,,,5364000000.00,5251000000.00,,113000000.00,,,.1800,.1800,-13251000000.00,,,-7887000000.00,-7989000000.00,102000000.00,,
2224,601628,XSHG,2016-08-26,2016-06-30,2015-06-30,S1,6,1,333411000000.00,229360000000.00,234298000000.00,1000000.00,398000000.00,4540000000.00,-1545000000.00,103584000000.00,2145000000.00,-45000000.00,,,2057000000.00,,,292112000000.00,71781000000.00,73254000000.00,203000000.00,77349000000.00,101000000.00,29570000000.00,,3756000000.00,19509000000.00,12259000000.00,86000000.00,4986000000.00,38000000.00,,,,,41299000000.00,44000000.00,105000000.00,,,41238000000.00,9504000000.00,,,31734000000.00,31489000000.00,,245000000.00,,,1.1100,1.1100,6688000000.00,,,38422000000.00,38168000000.00,254000000.00,,
2224,601628,XSHG,2014-08-28,2014-06-30,2013-06-30,S1,6,1,252538000000.00,200844000000.00,203251000000.00,4000000.00,285000000.00,2122000000.00,815000000.00,49400000000.00,1576000000.00,-261000000.00,,,1740000000.00,,,232311000000.00,32169000000.00,83991000000.00,77000000.00,73187000000.00,23000000.00,9777000000.00,,695000000.00,13800000000.00,11304000000.00,102000000.00,3890000000.00,3700000000.00,,,,,20227000000.00,21000000.00,91000000.00,,,20157000000.00,3829000000.00,,,16328000000.00,16198000000.00,,130000000.00,,,.5700,.5700,-2664000000.00,,,13664000000.00,13515000000.00,149000000.00,,
2224,601628,XSHG,2014-10-29,2014-09-30,2013-09-30,Q3,9,1,349541000000.00,274019000000.00,277185000000.00,5000000.00,444000000.00,2722000000.00,903000000.00,72366000000.00,2153000000.00,-328000000.00,,,2581000000.00,,,320137000000.00,50204000000.00,118248000000.00,167000000.00,90083000000.00,69000000.00,14632000000.00,,1000000000.00,19902000000.00,16742000000.00,129000000.00,5948000000.00,3743000000.00,,,,,29404000000.00,32000000.00,133000000.00,,,29303000000.00,5415000000.00,,,23888000000.00,23689000000.00,,199000000.00,,,.8400,.8400,-4737000000.00,,,19151000000.00,18949000000.00,202000000.00,,
2224,601628,XSHG,2015-08-27,2015-06-30,2014-06-30,S1,6,1,243740000000.00,193775000000.00,197250000000.00,3000000.00,259000000.00,3216000000.00,612000000.00,47456000000.00,2041000000.00,74000000.00,,,1823000000.00,,,220824000000.00,55580000000.00,64832000000.00,141000000.00,60508000000.00,-3000000.00,9212000000.00,,800000000.00,14135000000.00,11262000000.00,59000000.00,4036000000.00,656000000.00,,,,,22916000000.00,29000000.00,81000000.00,,,22864000000.00,4310000000.00,,,18554000000.00,18407000000.00,,147000000.00,,,.6500,.6500,10352000000.00,,,28906000000.00,28734000000.00,172000000.00,,
2224,601628,XSHG,2017-10-27,2017-09-30,2017-09-30,Q3,9,1,547652000000.00,438937000000.00,449992000000.00,3000000.00,2737000000.00,8318000000.00,4557000000.00,99306000000.00,5768000000.00,9000000.00,,,4843000000.00,,,514986000000.00,85651000000.00,162180000000.00,1012000000.00,165836000000.00,481000000.00,15914000000.00,,501000000.00,49581000000.00,22017000000.00,548000000.00,13158000000.00,2189000000.00,,,,,32666000000.00,68000000.00,171000000.00,,,32563000000.00,5346000000.00,,,27217000000.00,26825000000.00,,392000000.00,,,.9400,.9400,-764000000.00,,,26453000000.00,26083000000.00,370000000.00,,
2224,601628,XSHG,2017-10-27,2017-09-30,2016-09-30,Q3,9,1,456448000000.00,368078000000.00,376304000000.00,2000000.00,1299000000.00,6927000000.00,-1491000000.00,84945000000.00,2686000000.00,598000000.00,,,4318000000.00,,,438868000000.00,63384000000.00,160970000000.00,650000000.00,130760000000.00,440000000.00,10257000000.00,,866000000.00,41278000000.00,20245000000.00,89000000.00,10153000000.00,2134000000.00,,,,,17580000000.00,61000000.00,209000000.00,,,17432000000.00,3511000000.00,,,13921000000.00,13528000000.00,,393000000.00,,,.4700,.4700,-14976000000.00,,,-1055000000.00,-1466000000.00,411000000.00,,
2224,601628,XSHG,2018-03-23,2017-12-31,2017-12-31,A,12,1,653195000000.00,506910000000.00,511966000000.00,3000000.00,3661000000.00,1395000000.00,3869000000.00,134983000000.00,7143000000.00,52000000.00,15000000.00,15000000.00,7351000000.00,,,611313000000.00,94629000000.00,198088000000.00,1427000000.00,175322000000.00,569000000.00,21871000000.00,,733000000.00,64789000000.00,37685000000.00,664000000.00,18010000000.00,2846000000.00,,,,,41882000000.00,112000000.00,323000000.00,,,41671000000.00,8919000000.00,,,32752000000.00,32253000000.00,,499000000.00,,,1.1300,1.1300,-7926000000.00,,,24826000000.00,24341000000.00,485000000.00,,
2224,601628,XSHG,2018-03-23,2017-12-31,2016-12-31,A,12,1,549802000000.00,426230000000.00,430498000000.00,3000000.00,1758000000.00,2510000000.00,-4229000000.00,120831000000.00,5855000000.00,582000000.00,31000000.00,,6357000000.00,,,525715000000.00,73922000000.00,205143000000.00,864000000.00,129434000000.00,590000000.00,15883000000.00,,704000000.00,52022000000.00,33012000000.00,110000000.00,14477000000.00,2682000000.00,,,,,24087000000.00,69000000.00,314000000.00,,,23842000000.00,4257000000.00,,,19585000000.00,19127000000.00,,458000000.00,,,.6600,.6600,-25776000000.00,,,-6191000000.00,-6647000000.00,456000000.00,,
